County,Date,Deaths,Case,Vehicles
MARICOPA (13),2014-01-08,1,40003,1
MARICOPA (13),2014-01-13,1,40007,2
MARICOPA (13),2014-01-18,1,40009,1
MARICOPA (13),2014-01-01,1,40019,1
MARICOPA (13),2014-01-25,1,40021,1
MARICOPA (13),2014-01-28,1,40023,2
MARICOPA (13),2014-02-12,1,40034,2
MARICOPA (13),2014-02-16,1,40037,1
MARICOPA (13),2014-02-16,1,40038,1
MARICOPA (13),2014-01-20,1,40049,4
MARICOPA (13),2014-01-01,1,40050,2
MARICOPA (13),2014-01-02,1,40051,1
MARICOPA (13),2014-01-04,1,40052,2
MARICOPA (13),2014-01-11,1,40054,1
MARICOPA (13),2014-01-15,1,40055,3
MARICOPA (13),2014-01-16,1,40056,1
MARICOPA (13),2014-01-18,1,40057,1
MARICOPA (13),2014-01-20,1,40058,1
MARICOPA (13),2014-01-22,1,40059,1
MARICOPA (13),2014-01-22,1,40060,2
MARICOPA (13),2014-01-25,1,40061,2
MARICOPA (13),2014-01-27,1,40062,2
MARICOPA (13),2014-01-28,1,40063,1
MARICOPA (13),,1,40064,1
MARICOPA (13),2014-01-31,1,40065,3
MARICOPA (13),2014-03-01,1,40070,2
MARICOPA (13),2014-03-06,1,40073,1
MARICOPA (13),2014-03-08,1,40075,1
MARICOPA (13),2014-03-20,1,40081,4
MARICOPA (13),2014-03-22,1,40083,1
MARICOPA (13),2014-03-29,2,40085,2
MARICOPA (13),2014-03-30,1,40087,2
MARICOPA (13),2014-03-24,1,40091,2
MARICOPA (13),2014-02-14,1,40094,2
MARICOPA (13),2014-02-12,1,40098,2
MARICOPA (13),2014-02-13,1,40099,2
MARICOPA (13),2014-03-12,1,40102,2
MARICOPA (13),2014-03-13,1,40103,1
MARICOPA (13),2014-01-27,1,40104,1
MARICOPA (13),2014-02-06,1,40108,1
MARICOPA (13),,1,40110,2
MARICOPA (13),2014-02-08,1,40111,1
MARICOPA (13),2014-02-09,1,40112,1
MARICOPA (13),2014-02-14,1,40113,1
MARICOPA (13),2014-02-16,1,40115,1
MARICOPA (13),2014-02-16,1,40116,2
MARICOPA (13),2014-02-19,1,40117,1
MARICOPA (13),2014-02-21,1,40118,1
MARICOPA (13),2014-02-22,1,40119,1
MARICOPA (13),2014-02-28,1,40121,3
MARICOPA (13),2014-02-10,1,40122,2
MARICOPA (13),2014-03-02,2,40125,1
MARICOPA (13),2014-03-14,1,40126,1
MARICOPA (13),2014-03-29,1,40128,2
MARICOPA (13),2014-03-09,1,40129,1
MARICOPA (13),2014-04-02,1,40131,1
MARICOPA (13),2014-04-07,1,40138,2
MARICOPA (13),2014-04-23,1,40148,3
MARICOPA (13),2014-04-26,1,40149,2
MARICOPA (13),2014-04-13,1,40150,1
MARICOPA (13),2014-04-19,1,40151,1
MARICOPA (13),2014-03-03,1,40152,1
MARICOPA (13),2014-03-12,1,40156,1
MARICOPA (13),2014-03-01,1,40158,2
MARICOPA (13),2014-03-04,1,40160,1
MARICOPA (13),2014-03-08,1,40162,1
MARICOPA (13),2014-03-11,1,40165,1
MARICOPA (13),2014-03-12,1,40166,1
MARICOPA (13),2014-03-13,2,40167,1
MARICOPA (13),2014-03-17,1,40169,1
MARICOPA (13),2014-03-20,1,40170,1
MARICOPA (13),2014-03-22,1,40171,1
MARICOPA (13),2014-03-25,1,40174,1
MARICOPA (13),2014-03-26,1,40175,3
MARICOPA (13),2014-03-26,1,40176,5
MARICOPA (13),2014-03-28,1,40177,3
MARICOPA (13),2014-03-28,1,40178,4
MARICOPA (13),2014-03-31,1,40179,2
MARICOPA (13),2014-03-15,1,40181,2
MARICOPA (13),2014-03-19,1,40184,1
MARICOPA (13),2014-03-19,1,40185,2
MARICOPA (13),2014-04-01,1,40186,1
MARICOPA (13),2014-04-03,1,40187,1
MARICOPA (13),2014-04-04,1,40188,1
MARICOPA (13),2014-04-08,1,40189,1
MARICOPA (13),2014-04-09,1,40190,2
MARICOPA (13),2014-04-11,1,40191,1
MARICOPA (13),2014-04-20,1,40193,2
MARICOPA (13),2014-04-26,1,40195,2
MARICOPA (13),2014-04-28,1,40197,2
MARICOPA (13),2014-04-28,1,40201,2
MARICOPA (13),2014-04-09,1,40204,1
MARICOPA (13),2014-04-11,1,40207,2
MARICOPA (13),2014-04-11,1,40208,1
MARICOPA (13),2014-04-11,1,40209,1
MARICOPA (13),2014-04-12,1,40210,1
MARICOPA (13),2014-04-13,1,40211,2
MARICOPA (13),2014-04-14,1,40213,1
MARICOPA (13),2014-04-14,1,40214,2
MARICOPA (13),2014-04-15,1,40215,1
MARICOPA (13),2014-04-16,1,40216,1
MARICOPA (13),2014-04-18,1,40217,1
MARICOPA (13),2014-04-22,1,40219,1
MARICOPA (13),2014-04-24,1,40220,1
MARICOPA (13),2014-04-26,1,40221,1
MARICOPA (13),2014-04-28,1,40223,1
MARICOPA (13),2014-04-30,1,40224,1
MARICOPA (13),2014-04-21,1,40225,2
MARICOPA (13),2014-05-04,1,40232,1
MARICOPA (13),2014-05-06,1,40233,1
MARICOPA (13),2014-05-07,1,40236,1
MARICOPA (13),2014-05-09,1,40238,1
MARICOPA (13),2014-05-09,1,40239,4
MARICOPA (13),2014-05-12,2,40244,2
MARICOPA (13),2014-05-14,1,40245,1
MARICOPA (13),2014-05-21,1,40254,2
MARICOPA (13),2014-05-22,1,40255,1
MARICOPA (13),2014-05-24,1,40257,2
MARICOPA (13),2014-05-27,1,40262,1
MARICOPA (13),2014-05-30,1,40266,2
MARICOPA (13),2014-05-03,1,40267,1
MARICOPA (13),2014-05-16,1,40268,1
MARICOPA (13),2014-05-18,2,40270,2
MARICOPA (13),2014-05-28,1,40273,2
MARICOPA (13),2014-05-10,1,40274,1
MARICOPA (13),2014-05-16,1,40275,2
MARICOPA (13),2014-06-05,2,40279,1
MARICOPA (13),2014-06-06,1,40282,2
MARICOPA (13),2014-06-09,2,40284,4
MARICOPA (13),2014-06-10,1,40286,1
MARICOPA (13),2014-06-12,1,40288,1
MARICOPA (13),2014-06-15,1,40289,1
MARICOPA (13),2014-06-16,1,40290,1
MARICOPA (13),2014-06-21,1,40294,1
MARICOPA (13),2014-06-26,1,40298,1
MARICOPA (13),2014-06-27,1,40300,2
MARICOPA (13),2014-06-28,1,40301,1
MARICOPA (13),2014-06-28,1,40302,1
MARICOPA (13),2014-06-30,1,40304,2
MARICOPA (13),2014-05-01,1,40307,1
MARICOPA (13),2014-05-01,1,40308,1
MARICOPA (13),2014-05-02,1,40310,2
MARICOPA (13),2014-05-02,1,40311,1
MARICOPA (13),2014-05-03,1,40312,1
MARICOPA (13),2014-05-06,1,40314,1
MARICOPA (13),2014-05-07,1,40315,2
MARICOPA (13),2014-06-23,1,40316,1
MARICOPA (13),2014-05-10,1,40317,1
MARICOPA (13),2014-05-16,1,40318,2
MARICOPA (13),2014-05-17,1,40320,3
MARICOPA (13),2014-05-21,1,40321,1
MARICOPA (13),2014-05-29,1,40325,2
MARICOPA (13),2014-05-29,1,40326,2
MARICOPA (13),2014-05-29,1,40327,1
MARICOPA (13),2014-05-12,1,40329,2
MARICOPA (13),2014-06-18,1,40333,2
MARICOPA (13),2014-06-01,1,40337,1
MARICOPA (13),2014-06-02,1,40338,1
MARICOPA (13),2014-06-05,1,40339,5
MARICOPA (13),2014-06-07,1,40340,2
MARICOPA (13),2014-06-07,1,40341,1
MARICOPA (13),2014-06-14,1,40343,2
MARICOPA (13),2014-06-17,1,40345,1
MARICOPA (13),2014-06-28,1,40346,1
MARICOPA (13),2014-06-21,1,40347,1
MARICOPA (13),2014-07-05,1,40348,2
MARICOPA (13),2014-07-12,1,40354,3
MARICOPA (13),2014-07-12,1,40355,1
MARICOPA (13),2014-07-12,1,40356,1
MARICOPA (13),2014-07-16,2,40357,1
MARICOPA (13),2014-07-27,1,40361,1
MARICOPA (13),2014-07-02,1,40363,1
MARICOPA (13),2014-07-08,1,40365,3
MARICOPA (13),2014-07-16,1,40366,1
MARICOPA (13),2014-06-28,1,40376,1
MARICOPA (13),2014-05-01,1,40378,2
MARICOPA (13),2014-07-11,1,40380,1
MARICOPA (13),2014-07-27,1,40382,2
MARICOPA (13),2014-08-01,1,40384,1
MARICOPA (13),2014-08-01,1,40386,2
MARICOPA (13),2014-08-02,1,40388,2
MARICOPA (13),2014-08-03,1,40389,1
MARICOPA (13),2014-08-08,1,40393,1
MARICOPA (13),2014-08-14,1,40397,3
MARICOPA (13),2014-08-15,1,40400,1
MARICOPA (13),2014-08-24,1,40408,2
MARICOPA (13),2014-08-28,1,40412,2
MARICOPA (13),2014-08-30,1,40415,1
MARICOPA (13),2014-07-04,1,40417,1
MARICOPA (13),2014-07-07,1,40418,1
MARICOPA (13),2014-07-13,1,40419,2
MARICOPA (13),2014-07-19,1,40420,2
MARICOPA (13),2014-07-07,3,40422,1
MARICOPA (13),2014-07-07,1,40424,1
MARICOPA (13),2014-07-08,1,40425,2
MARICOPA (13),2014-07-09,1,40426,1
MARICOPA (13),2014-07-17,1,40427,2
MARICOPA (13),2014-07-18,1,40428,1
MARICOPA (13),2014-07-25,1,40430,1
MARICOPA (13),2014-08-02,1,40431,2
MARICOPA (13),2014-08-02,3,40434,1
MARICOPA (13),2014-08-14,1,40435,2
MARICOPA (13),2014-08-21,1,40436,2
MARICOPA (13),2014-08-07,1,40439,1
MARICOPA (13),2014-08-01,1,40440,1
MARICOPA (13),2014-08-01,1,40441,1
MARICOPA (13),2014-09-08,1,40454,2
MARICOPA (13),2014-09-09,1,40455,2
MARICOPA (13),2014-09-09,1,40456,2
MARICOPA (13),2014-09-16,1,40459,2
MARICOPA (13),2014-09-17,1,40460,2
MARICOPA (13),2014-07-12,1,40471,3
MARICOPA (13),2014-08-08,2,40472,2
MARICOPA (13),2014-08-05,1,40473,1
MARICOPA (13),2014-08-09,1,40474,1
MARICOPA (13),2014-08-17,1,40476,1
MARICOPA (13),2014-08-24,1,40477,1
MARICOPA (13),2014-08-27,1,40478,1
MARICOPA (13),2014-09-05,1,40479,2
MARICOPA (13),2014-09-16,1,40480,2
MARICOPA (13),2014-09-23,1,40481,2
MARICOPA (13),2014-09-24,1,40482,2
MARICOPA (13),2014-10-04,1,40488,1
MARICOPA (13),2014-10-10,1,40494,1
MARICOPA (13),2014-10-17,1,40495,1
MARICOPA (13),2014-10-17,1,40496,1
MARICOPA (13),2014-10-25,1,40500,2
MARICOPA (13),2014-10-25,1,40501,4
MARICOPA (13),2014-08-24,1,40503,1
MARICOPA (13),2014-09-03,1,40505,1
MARICOPA (13),2014-09-07,1,40506,1
MARICOPA (13),2014-09-07,1,40507,2
MARICOPA (13),2014-09-08,1,40508,1
MARICOPA (13),2014-10-18,3,40510,3
MARICOPA (13),2014-10-08,1,40511,1
MARICOPA (13),2014-10-16,1,40514,1
MARICOPA (13),2014-10-20,1,40515,2
MARICOPA (13),2014-10-31,1,40518,1
MARICOPA (13),2014-09-12,1,40519,1
MARICOPA (13),2014-09-22,1,40521,1
MARICOPA (13),2014-09-23,1,40523,2
MARICOPA (13),2014-09-26,1,40524,1
MARICOPA (13),2014-09-13,1,40525,1
MARICOPA (13),2014-09-14,1,40528,1
MARICOPA (13),2014-09-15,1,40529,2
MARICOPA (13),2014-09-18,3,40531,2
MARICOPA (13),2014-09-24,1,40533,2
MARICOPA (13),2014-09-30,1,40534,1
MARICOPA (13),2014-10-06,1,40536,2
MARICOPA (13),2014-10-13,1,40537,2
MARICOPA (13),2014-10-14,1,40538,4
MARICOPA (13),2014-10-31,1,40541,1
MARICOPA (13),2014-11-05,1,40547,2
MARICOPA (13),2014-11-07,1,40548,2
MARICOPA (13),2014-11-08,1,40549,1
MARICOPA (13),2014-11-10,1,40553,2
MARICOPA (13),2014-11-18,1,40560,1
MARICOPA (13),2014-11-19,2,40562,6
MARICOPA (13),2014-11-22,1,40564,2
MARICOPA (13),2014-11-26,2,40565,2
MARICOPA (13),2014-12-01,1,40573,2
MARICOPA (13),2014-12-05,1,40577,1
MARICOPA (13),2014-12-09,1,40580,1
MARICOPA (13),2014-09-08,1,40588,1
MARICOPA (13),2014-09-16,1,40589,1
MARICOPA (13),2014-09-20,1,40590,1
MARICOPA (13),2014-10-01,1,40592,1
MARICOPA (13),2014-10-04,1,40594,1
MARICOPA (13),2014-10-04,1,40595,1
MARICOPA (13),2014-10-04,1,40596,2
MARICOPA (13),2014-10-05,1,40598,2
MARICOPA (13),,1,40599,1
MARICOPA (13),2014-10-06,1,40600,3
MARICOPA (13),2014-10-08,1,40601,2
MARICOPA (13),2014-10-15,1,40602,2
MARICOPA (13),2014-12-02,1,40604,1
MARICOPA (13),2014-12-12,1,40607,1
MARICOPA (13),2014-10-28,1,40611,3
MARICOPA (13),2014-10-16,1,40612,3
MARICOPA (13),2014-10-18,1,40614,1
MARICOPA (13),2014-10-18,1,40615,2
MARICOPA (13),2014-10-23,1,40616,3
MARICOPA (13),2014-10-23,1,40617,1
MARICOPA (13),2014-10-24,1,40618,2
MARICOPA (13),2014-10-29,1,40622,2
MARICOPA (13),2014-10-30,1,40623,1
MARICOPA (13),2014-10-31,1,40624,2
MARICOPA (13),2014-11-16,1,40626,1
MARICOPA (13),2014-11-21,1,40627,1
MARICOPA (13),2014-11-12,1,40630,1
MARICOPA (13),2014-11-24,1,40631,1
MARICOPA (13),2014-12-14,1,40636,2
MARICOPA (13),2014-12-21,1,40638,1
MARICOPA (13),2014-12-25,1,40640,1
MARICOPA (13),2014-12-05,1,40641,1
MARICOPA (13),2014-09-13,1,40642,1
MARICOPA (13),2014-11-02,1,40645,1
MARICOPA (13),2014-11-03,1,40646,1
MARICOPA (13),2014-11-04,1,40647,2
MARICOPA (13),2014-11-06,1,40649,1
MARICOPA (13),2014-11-08,1,40651,1
MARICOPA (13),2014-11-10,1,40652,2
MARICOPA (13),2014-11-12,1,40653,2
MARICOPA (13),2014-11-14,1,40654,2
MARICOPA (13),2014-11-16,1,40655,1
MARICOPA (13),2014-11-18,1,40656,1
MARICOPA (13),2014-11-22,1,40658,2
MARICOPA (13),2014-11-23,1,40659,1
MARICOPA (13),2014-11-30,1,40660,2
MARICOPA (13),2014-11-30,1,40661,2
MARICOPA (13),2014-11-30,1,40662,2
MARICOPA (13),2014-12-23,1,40663,1
MARICOPA (13),2014-12-04,1,40664,3
MARICOPA (13),2014-12-19,1,40666,1
MARICOPA (13),2014-12-21,1,40667,2
MARICOPA (13),2014-12-16,1,40668,2
MARICOPA (13),2014-12-27,1,40669,2
MARICOPA (13),2014-12-01,1,40674,1
MARICOPA (13),2014-12-03,1,40675,1
MARICOPA (13),2014-12-04,1,40676,5
MARICOPA (13),2014-12-06,1,40677,1
MARICOPA (13),2014-12-09,1,40679,2
MARICOPA (13),2014-12-11,1,40680,1
MARICOPA (13),2014-12-12,1,40681,2
MARICOPA (13),2014-12-13,1,40682,2
MARICOPA (13),2014-12-14,1,40683,2
MARICOPA (13),2014-12-18,1,40684,2
MARICOPA (13),2014-12-20,1,40685,2
MARICOPA (13),2014-12-23,1,40687,1
MARICOPA (13),2014-12-23,1,40688,1
MARICOPA (13),2014-12-23,1,40689,1
MARICOPA (13),2014-12-27,1,40690,1
MARICOPA (13),2014-12-28,1,40691,1
MARICOPA (13),2014-12-29,1,40692,2
MARICOPA (13),2014-12-30,1,40693,2
MARICOPA (13),2014-04-05,1,40694,3
MARICOPA (13),2014-11-28,1,40695,1
MARICOPA (13),2014-06-10,1,40697,1
MARICOPA (13),2014-09-13,1,40698,2
MARICOPA (13),2014-11-07,1,40704,2
MARICOPA (13),2014-12-07,1,40717,1
MARICOPA (13),2014-11-30,1,40718,1
MARICOPA (13),2014-11-04,1,40719,1
MARICOPA (13),2014-10-10,1,40720,1
MARICOPA (13),,1,40721,1
MARICOPA (13),2014-12-10,1,40722,1
MARICOPA (13),2014-07-10,1,40723,1
MARICOPA (13),2014-05-02,1,40724,2
MARICOPA (13),2015-01-03,1,40003,1
MARICOPA (13),2015-01-14,1,40015,2
MARICOPA (13),2015-01-17,1,40019,2
MARICOPA (13),2015-01-24,1,40022,1
MARICOPA (13),2015-01-25,1,40024,2
MARICOPA (13),2015-01-26,1,40025,1
MARICOPA (13),2015-01-27,1,40026,3
MARICOPA (13),2015-01-08,1,40036,3
MARICOPA (13),2015-01-09,1,40039,2
MARICOPA (13),2015-01-14,1,40042,2
MARICOPA (13),2015-01-15,1,40043,2
MARICOPA (13),2015-01-24,1,40045,3
MARICOPA (13),2015-01-23,1,40051,1
MARICOPA (13),2015-01-24,1,40052,3
MARICOPA (13),2015-01-26,1,40053,2
MARICOPA (13),2015-01-31,1,40054,1
MARICOPA (13),2015-01-08,1,40055,2
MARICOPA (13),2015-01-09,1,40056,1
MARICOPA (13),2015-01-10,1,40057,2
MARICOPA (13),2015-01-11,1,40058,3
MARICOPA (13),2015-01-14,1,40059,1
MARICOPA (13),2015-01-17,1,40060,1
MARICOPA (13),2015-01-19,1,40061,1
MARICOPA (13),2015-01-22,1,40062,1
MARICOPA (13),2015-01-23,1,40063,1
MARICOPA (13),2015-02-05,1,40068,2
MARICOPA (13),2015-02-15,1,40080,1
MARICOPA (13),2015-02-16,1,40082,1
MARICOPA (13),2015-02-18,1,40084,1
MARICOPA (13),2015-02-19,1,40086,2
MARICOPA (13),2015-02-20,1,40087,1
MARICOPA (13),2015-02-20,1,40089,1
MARICOPA (13),2015-02-24,1,40092,3
MARICOPA (13),2015-02-26,1,40094,1
MARICOPA (13),2015-01-30,1,40096,2
MARICOPA (13),2015-02-24,1,40099,1
MARICOPA (13),2015-02-04,1,40103,1
MARICOPA (13),2015-02-04,1,40104,1
MARICOPA (13),2015-02-05,2,40105,6
MARICOPA (13),2015-02-06,1,40106,1
MARICOPA (13),2015-02-07,1,40108,1
MARICOPA (13),2015-02-07,1,40109,2
MARICOPA (13),2015-02-08,1,40110,1
MARICOPA (13),2015-02-08,1,40111,2
MARICOPA (13),2015-02-08,1,40112,1
MARICOPA (13),2015-02-12,1,40113,2
MARICOPA (13),2015-02-12,1,40114,1
MARICOPA (13),2015-02-15,1,40117,1
MARICOPA (13),2015-02-15,1,40118,3
MARICOPA (13),2015-02-20,1,40120,1
MARICOPA (13),2015-02-20,1,40122,2
MARICOPA (13),2015-02-23,1,40124,2
MARICOPA (13),2015-02-23,1,40125,2
MARICOPA (13),2015-02-24,1,40126,1
MARICOPA (13),2015-02-27,1,40127,2
MARICOPA (13),2015-02-28,1,40128,1
MARICOPA (13),2015-02-28,1,40129,1
MARICOPA (13),2015-03-02,1,40131,5
MARICOPA (13),2015-03-03,1,40133,3
MARICOPA (13),2015-03-04,1,40134,1
MARICOPA (13),2015-03-04,1,40135,1
MARICOPA (13),2015-03-05,1,40136,1
MARICOPA (13),2015-03-05,1,40137,1
MARICOPA (13),2015-03-05,2,40138,2
MARICOPA (13),2015-03-05,1,40139,2
MARICOPA (13),2015-03-09,1,40143,1
MARICOPA (13),2015-03-12,1,40148,2
MARICOPA (13),2015-03-13,1,40150,2
MARICOPA (13),2015-03-14,1,40151,2
MARICOPA (13),2015-03-15,1,40153,2
MARICOPA (13),2015-03-16,1,40155,1
MARICOPA (13),2015-03-16,1,40156,3
MARICOPA (13),2015-03-18,1,40163,2
MARICOPA (13),2015-03-26,1,40171,2
MARICOPA (13),2015-03-28,2,40172,2
MARICOPA (13),2015-03-29,1,40173,1
MARICOPA (13),2015-01-20,1,40179,1
MARICOPA (13),2015-01-25,1,40180,1
MARICOPA (13),2015-03-27,1,40183,1
MARICOPA (13),2015-03-09,1,40187,2
MARICOPA (13),2015-03-24,1,40188,2
MARICOPA (13),2015-03-14,1,40190,1
MARICOPA (13),2015-03-20,1,40192,1
MARICOPA (13),2015-03-14,1,40193,2
MARICOPA (13),2015-03-20,1,40194,2
MARICOPA (13),2015-03-04,1,40195,2
MARICOPA (13),2015-03-06,1,40196,1
MARICOPA (13),2015-03-06,1,40197,2
MARICOPA (13),2015-03-11,1,40199,1
MARICOPA (13),2015-03-15,3,40202,1
MARICOPA (13),2015-03-15,1,40203,2
MARICOPA (13),2015-03-16,1,40204,1
MARICOPA (13),2015-03-19,1,40205,2
MARICOPA (13),2015-03-19,1,40206,3
MARICOPA (13),2015-03-22,1,40207,2
MARICOPA (13),2015-03-31,1,40208,1
MARICOPA (13),2015-04-01,1,40212,2
MARICOPA (13),2015-04-02,1,40213,1
MARICOPA (13),2015-04-05,1,40219,2
MARICOPA (13),2015-04-07,1,40223,1
MARICOPA (13),2015-04-09,1,40224,2
MARICOPA (13),2015-04-11,1,40227,1
MARICOPA (13),2015-04-11,2,40230,1
MARICOPA (13),2015-04-18,1,40234,2
MARICOPA (13),2015-04-21,1,40238,2
MARICOPA (13),2015-03-26,1,40247,1
MARICOPA (13),2015-04-12,1,40258,1
MARICOPA (13),2015-04-15,1,40261,1
MARICOPA (13),2015-04-16,1,40262,4
MARICOPA (13),2015-04-19,1,40264,1
MARICOPA (13),2015-04-19,1,40265,2
MARICOPA (13),2015-04-19,1,40266,1
MARICOPA (13),2015-04-23,1,40268,2
MARICOPA (13),2015-04-24,1,40269,2
MARICOPA (13),2015-04-24,1,40270,2
MARICOPA (13),2015-04-25,1,40271,1
MARICOPA (13),2015-04-25,1,40272,2
MARICOPA (13),2015-04-25,1,40273,2
MARICOPA (13),2015-04-30,1,40274,2
MARICOPA (13),2015-03-28,1,40275,1
MARICOPA (13),2015-05-01,1,40276,1
MARICOPA (13),2015-05-06,1,40280,1
MARICOPA (13),2015-05-09,1,40283,1
MARICOPA (13),2015-05-11,1,40284,1
MARICOPA (13),2015-05-12,1,40286,1
MARICOPA (13),2015-05-13,1,40287,1
MARICOPA (13),2015-05-13,1,40288,1
MARICOPA (13),2015-05-18,1,40294,3
MARICOPA (13),2015-05-18,1,40296,2
MARICOPA (13),2015-05-19,1,40297,1
MARICOPA (13),2015-05-22,1,40299,1
MARICOPA (13),2015-05-26,1,40304,1
MARICOPA (13),2015-05-26,1,40305,1
MARICOPA (13),2015-05-03,2,40311,2
MARICOPA (13),2015-05-22,1,40314,2
MARICOPA (13),2015-05-26,1,40317,2
MARICOPA (13),2015-05-08,1,40318,2
MARICOPA (13),2015-03-10,1,40321,1
MARICOPA (13),2015-05-01,1,40324,2
MARICOPA (13),2015-05-02,1,40325,2
MARICOPA (13),2015-05-06,1,40326,1
MARICOPA (13),2015-05-07,1,40327,1
MARICOPA (13),2015-05-08,1,40328,1
MARICOPA (13),2015-05-09,1,40329,1
MARICOPA (13),2015-05-09,1,40330,2
MARICOPA (13),2015-05-13,1,40331,1
MARICOPA (13),2015-05-13,1,40332,2
MARICOPA (13),2015-05-13,1,40333,1
MARICOPA (13),2015-05-13,1,40334,2
MARICOPA (13),2015-05-13,1,40335,2
MARICOPA (13),2015-05-14,1,40337,2
MARICOPA (13),2015-05-14,2,40339,3
MARICOPA (13),2015-05-15,1,40341,2
MARICOPA (13),2015-05-15,1,40342,1
MARICOPA (13),2015-05-17,2,40344,3
MARICOPA (13),2015-05-17,1,40345,1
MARICOPA (13),2015-05-23,1,40348,1
MARICOPA (13),2015-05-29,1,40351,2
MARICOPA (13),2015-05-29,1,40352,1
MARICOPA (13),2015-06-01,1,40354,3
MARICOPA (13),2015-06-02,1,40355,2
MARICOPA (13),2015-06-04,1,40358,1
MARICOPA (13),2015-06-06,1,40360,3
MARICOPA (13),2015-06-08,1,40370,2
MARICOPA (13),2015-06-18,1,40380,2
MARICOPA (13),2015-06-21,1,40383,1
MARICOPA (13),2015-06-22,1,40384,3
MARICOPA (13),2015-06-24,1,40387,1
MARICOPA (13),2015-06-28,1,40393,1
MARICOPA (13),2015-06-29,1,40394,2
MARICOPA (13),2015-06-01,1,40398,2
MARICOPA (13),2015-06-04,1,40400,1
MARICOPA (13),2015-06-04,1,40401,1
MARICOPA (13),2015-06-04,1,40402,2
MARICOPA (13),2015-06-04,1,40403,2
MARICOPA (13),2015-06-07,1,40404,1
MARICOPA (13),2015-06-08,1,40405,3
MARICOPA (13),2015-06-09,1,40406,1
MARICOPA (13),2015-06-09,1,40407,2
MARICOPA (13),2015-06-12,1,40410,1
MARICOPA (13),2015-06-16,1,40411,1
MARICOPA (13),2015-06-19,1,40413,2
MARICOPA (13),2015-06-19,1,40414,2
MARICOPA (13),2015-06-20,1,40415,1
MARICOPA (13),2015-06-25,1,40417,1
MARICOPA (13),2015-06-26,1,40418,2
MARICOPA (13),2015-06-26,1,40419,1
MARICOPA (13),2015-06-27,1,40420,1
MARICOPA (13),2015-06-27,1,40421,2
MARICOPA (13),2015-06-28,2,40422,2
MARICOPA (13),2015-05-28,2,40424,3
MARICOPA (13),2015-07-05,1,40428,1
MARICOPA (13),2015-07-07,1,40431,1
MARICOPA (13),2015-07-10,1,40434,2
MARICOPA (13),2015-07-12,1,40438,3
MARICOPA (13),2015-07-26,3,40445,2
MARICOPA (13),2015-07-26,1,40446,2
MARICOPA (13),2015-07-27,2,40448,2
MARICOPA (13),2015-07-28,1,40449,2
MARICOPA (13),2015-07-28,1,40451,2
MARICOPA (13),2015-07-31,1,40454,1
MARICOPA (13),2015-07-03,1,40458,1
MARICOPA (13),2015-07-04,1,40460,1
MARICOPA (13),2015-07-08,1,40462,1
MARICOPA (13),2015-07-30,1,40468,1
MARICOPA (13),2015-07-04,1,40471,1
MARICOPA (13),2015-07-04,1,40472,2
MARICOPA (13),2015-07-05,1,40473,1
MARICOPA (13),2015-07-07,1,40474,2
MARICOPA (13),2015-07-10,1,40477,2
MARICOPA (13),2015-07-20,1,40479,1
MARICOPA (13),2015-07-22,1,40480,1
MARICOPA (13),2015-07-23,1,40481,1
MARICOPA (13),2015-07-24,1,40482,1
MARICOPA (13),2015-07-25,1,40483,2
MARICOPA (13),2015-07-25,1,40484,1
MARICOPA (13),2015-07-26,1,40485,1
MARICOPA (13),2015-07-29,1,40488,2
MARICOPA (13),2015-07-30,1,40490,1
MARICOPA (13),2015-07-16,1,40492,2
MARICOPA (13),2015-05-21,1,40493,1
MARICOPA (13),2015-08-01,1,40497,1
MARICOPA (13),2015-08-01,1,40498,2
MARICOPA (13),2015-08-03,1,40500,1
MARICOPA (13),2015-08-03,1,40501,1
MARICOPA (13),2015-08-03,1,40502,1
MARICOPA (13),2015-08-04,1,40503,1
MARICOPA (13),2015-08-05,1,40504,2
MARICOPA (13),2015-08-06,1,40505,2
MARICOPA (13),2015-08-07,1,40507,3
MARICOPA (13),2015-08-11,1,40511,2
MARICOPA (13),2015-08-13,1,40515,2
MARICOPA (13),2015-08-15,1,40517,3
MARICOPA (13),2015-08-16,1,40518,1
MARICOPA (13),2015-08-16,2,40519,2
MARICOPA (13),2015-08-17,1,40521,2
MARICOPA (13),2015-08-20,1,40524,1
MARICOPA (13),2015-08-23,1,40531,1
MARICOPA (13),2015-08-26,1,40533,2
MARICOPA (13),2015-08-29,1,40534,1
MARICOPA (13),2015-08-29,1,40535,1
MARICOPA (13),2015-08-22,1,40541,5
MARICOPA (13),2015-08-01,2,40542,3
MARICOPA (13),2015-08-02,1,40543,2
MARICOPA (13),2015-08-03,1,40544,2
MARICOPA (13),2015-08-05,1,40545,1
MARICOPA (13),2015-08-06,1,40546,2
MARICOPA (13),2015-08-07,2,40547,1
MARICOPA (13),2015-08-08,1,40548,2
MARICOPA (13),2015-08-13,1,40549,1
MARICOPA (13),2015-08-14,1,40550,1
MARICOPA (13),2015-08-18,1,40554,2
MARICOPA (13),2015-08-19,1,40555,3
MARICOPA (13),2015-08-22,1,40557,2
MARICOPA (13),2015-08-23,1,40559,1
MARICOPA (13),2015-08-24,1,40560,1
MARICOPA (13),2015-08-29,1,40562,1
MARICOPA (13),2015-09-05,1,40565,2
MARICOPA (13),2015-09-06,1,40567,1
MARICOPA (13),2015-09-15,1,40577,1
MARICOPA (13),2015-09-15,1,40578,2
MARICOPA (13),2015-09-16,1,40591,1
MARICOPA (13),2015-09-19,1,40592,1
MARICOPA (13),2015-09-22,1,40594,1
MARICOPA (13),2015-08-21,1,40595,2
MARICOPA (13),2015-09-09,1,40601,2
MARICOPA (13),2015-09-18,1,40602,2
MARICOPA (13),2015-09-09,1,40604,1
MARICOPA (13),2015-09-04,1,40606,1
MARICOPA (13),2015-09-15,1,40607,2
MARICOPA (13),2015-09-16,1,40608,2
MARICOPA (13),2015-09-18,1,40609,1
MARICOPA (13),2015-09-20,1,40610,4
MARICOPA (13),2015-09-26,2,40611,3
MARICOPA (13),2015-09-26,1,40612,1
MARICOPA (13),2015-09-27,1,40613,8
MARICOPA (13),2015-09-27,1,40614,2
MARICOPA (13),2015-09-28,1,40615,1
MARICOPA (13),2015-09-06,1,40618,1
MARICOPA (13),2015-07-04,1,40620,1
MARICOPA (13),2015-10-06,1,40626,1
MARICOPA (13),2015-10-08,1,40628,1
MARICOPA (13),2015-10-19,1,40642,3
MARICOPA (13),2015-10-20,1,40644,2
MARICOPA (13),2015-10-22,1,40645,1
MARICOPA (13),2015-10-22,1,40647,2
MARICOPA (13),2015-10-28,1,40655,1
MARICOPA (13),2015-10-30,1,40658,2
MARICOPA (13),2015-10-31,1,40661,2
MARICOPA (13),2015-10-31,1,40662,2
MARICOPA (13),2015-09-26,1,40666,2
MARICOPA (13),2015-10-12,1,40669,3
MARICOPA (13),2015-10-19,1,40670,3
MARICOPA (13),2015-11-07,1,40677,2
MARICOPA (13),2015-11-07,1,40678,1
MARICOPA (13),2015-11-08,2,40679,3
MARICOPA (13),2015-11-08,1,40681,4
MARICOPA (13),2015-11-10,1,40682,1
MARICOPA (13),2015-11-10,1,40683,2
MARICOPA (13),2015-11-11,1,40685,1
MARICOPA (13),2015-11-14,1,40688,6
MARICOPA (13),2015-11-15,1,40690,1
MARICOPA (13),2015-11-18,1,40695,1
MARICOPA (13),2015-11-23,1,40699,2
MARICOPA (13),2015-10-18,1,40706,1
MARICOPA (13),2015-11-11,1,40707,2
MARICOPA (13),2015-10-26,1,40708,4
MARICOPA (13),2015-10-30,1,40709,2
MARICOPA (13),2015-10-01,1,40710,2
MARICOPA (13),2015-10-02,1,40711,1
MARICOPA (13),2015-10-04,1,40712,1
MARICOPA (13),2015-10-06,1,40714,1
MARICOPA (13),2015-10-07,1,40715,1
MARICOPA (13),2015-10-14,1,40717,1
MARICOPA (13),2015-10-18,1,40720,1
MARICOPA (13),2015-10-20,1,40721,1
MARICOPA (13),2015-10-20,1,40722,1
MARICOPA (13),2015-10-23,1,40724,2
MARICOPA (13),2015-10-29,1,40726,3
MARICOPA (13),2015-10-30,1,40727,3
MARICOPA (13),2015-10-30,1,40728,1
MARICOPA (13),2015-09-24,1,40730,1
MARICOPA (13),2015-11-19,1,40731,2
MARICOPA (13),2015-11-28,1,40735,2
MARICOPA (13),2015-11-02,1,40736,2
MARICOPA (13),2015-11-29,1,40737,3
MARICOPA (13),2015-11-06,1,40740,2
MARICOPA (13),2015-11-21,2,40741,1
MARICOPA (13),2015-11-01,1,40744,1
MARICOPA (13),2015-11-03,1,40746,2
MARICOPA (13),2015-11-03,1,40747,1
MARICOPA (13),2015-11-06,1,40748,2
MARICOPA (13),2015-11-19,1,40752,1
MARICOPA (13),2015-11-25,1,40754,1
MARICOPA (13),2015-11-27,1,40756,1
MARICOPA (13),2015-11-29,5,40757,2
MARICOPA (13),2015-12-02,1,40758,2
MARICOPA (13),2015-12-06,1,40761,6
MARICOPA (13),2015-12-09,1,40764,1
MARICOPA (13),2015-12-09,1,40765,1
MARICOPA (13),2015-12-10,1,40766,1
MARICOPA (13),2015-12-12,1,40767,2
MARICOPA (13),2015-12-13,1,40768,2
MARICOPA (13),2015-12-15,1,40771,3
MARICOPA (13),2015-12-18,1,40772,1
MARICOPA (13),2015-12-22,1,40775,2
MARICOPA (13),2015-12-23,1,40776,1
MARICOPA (13),2015-12-19,1,40782,1
MARICOPA (13),2015-11-08,1,40785,2
MARICOPA (13),2015-11-09,1,40786,1
MARICOPA (13),2015-11-12,1,40787,1
MARICOPA (13),2015-11-20,1,40788,1
MARICOPA (13),2015-11-20,1,40789,2
MARICOPA (13),2015-11-22,1,40790,2
MARICOPA (13),2015-11-24,1,40791,1
MARICOPA (13),2015-11-28,1,40792,1
MARICOPA (13),2015-11-28,2,40793,3
MARICOPA (13),2015-12-08,1,40795,1
MARICOPA (13),2015-12-03,1,40797,2
MARICOPA (13),2015-11-03,1,40798,2
MARICOPA (13),2015-12-05,1,40799,1
MARICOPA (13),2015-12-26,3,40800,2
MARICOPA (13),2015-12-05,1,40802,1
MARICOPA (13),2015-12-05,1,40803,2
MARICOPA (13),2015-12-06,1,40804,1
MARICOPA (13),2015-12-09,1,40806,4
MARICOPA (13),2015-12-11,1,40807,1
MARICOPA (13),2015-12-08,1,40818,2
MARICOPA (13),,1,40820,1
MARICOPA (13),2015-12-13,2,40821,2
MARICOPA (13),2015-12-13,1,40822,1
MARICOPA (13),2015-12-17,1,40823,1
MARICOPA (13),2015-12-19,1,40824,6
MARICOPA (13),2015-12-29,1,40828,2
MARICOPA (13),2015-12-30,1,40829,2
MARICOPA (13),2015-12-26,1,40831,3
MARICOPA (13),2015-12-30,1,40832,2
MARICOPA (13),2016-01-02,1,40002,1
MARICOPA (13),2016-01-03,1,40003,1
MARICOPA (13),2016-01-10,2,40005,2
MARICOPA (13),2016-01-09,1,40006,1
MARICOPA (13),2016-01-13,5,40009,1
MARICOPA (13),2016-01-14,1,40010,1
MARICOPA (13),2016-01-15,1,40011,1
MARICOPA (13),2016-01-17,1,40012,1
MARICOPA (13),2016-01-18,1,40013,3
MARICOPA (13),2016-01-19,1,40014,1
MARICOPA (13),2016-01-22,1,40016,1
MARICOPA (13),2016-01-23,1,40017,3
MARICOPA (13),2016-01-24,1,40019,1
MARICOPA (13),2016-01-24,1,40020,5
MARICOPA (13),2016-01-28,1,40023,1
MARICOPA (13),2016-01-30,1,40025,1
MARICOPA (13),2016-01-09,1,40026,1
MARICOPA (13),2016-01-13,1,40027,1
MARICOPA (13),2016-01-25,1,40033,2
MARICOPA (13),2016-02-02,1,40035,1
MARICOPA (13),2016-02-04,1,40037,2
MARICOPA (13),2016-02-05,1,40039,2
MARICOPA (13),2016-02-10,1,40043,1
MARICOPA (13),2016-02-15,1,40045,1
MARICOPA (13),2016-02-17,1,40048,1
MARICOPA (13),2016-02-17,1,40049,1
MARICOPA (13),2016-02-19,1,40050,1
MARICOPA (13),2016-02-20,1,40053,2
MARICOPA (13),2016-02-21,1,40055,2
MARICOPA (13),2016-02-21,1,40056,1
MARICOPA (13),2016-02-22,2,40057,1
MARICOPA (13),2016-02-29,1,40060,1
MARICOPA (13),2016-01-15,1,40062,1
MARICOPA (13),2016-01-02,1,40064,1
MARICOPA (13),2016-01-04,1,40066,1
MARICOPA (13),2016-01-06,1,40068,1
MARICOPA (13),2016-01-07,1,40069,1
MARICOPA (13),2016-01-08,1,40071,1
MARICOPA (13),2016-01-09,1,40072,2
MARICOPA (13),2016-01-09,1,40073,1
MARICOPA (13),2016-01-10,1,40074,1
MARICOPA (13),2016-01-12,1,40075,2
MARICOPA (13),2016-01-13,1,40076,1
MARICOPA (13),2016-01-14,1,40077,1
MARICOPA (13),2016-01-20,1,40079,1
MARICOPA (13),2016-01-20,1,40080,2
MARICOPA (13),2016-01-21,1,40081,1
MARICOPA (13),2016-01-24,1,40083,2
MARICOPA (13),2016-01-24,1,40084,1
MARICOPA (13),2016-01-25,1,40085,2
MARICOPA (13),2016-01-26,1,40086,1
MARICOPA (13),2016-01-03,1,40088,3
MARICOPA (13),2016-01-11,1,40089,2
MARICOPA (13),2016-02-11,1,40091,2
MARICOPA (13),2016-02-16,1,40093,2
MARICOPA (13),2016-02-07,2,40097,1
MARICOPA (13),2016-02-25,1,40099,1
MARICOPA (13),2016-02-27,1,40100,2
MARICOPA (13),2016-03-04,1,40101,2
MARICOPA (13),2016-03-06,1,40103,1
MARICOPA (13),2016-03-11,1,40108,1
MARICOPA (13),2016-03-16,1,40110,1
MARICOPA (13),2016-03-20,1,40112,2
MARICOPA (13),2016-03-20,1,40114,1
MARICOPA (13),2016-03-21,1,40116,1
MARICOPA (13),2016-03-21,1,40117,1
MARICOPA (13),2016-03-23,1,40120,1
MARICOPA (13),2016-03-24,1,40123,1
MARICOPA (13),2016-03-20,1,40130,1
MARICOPA (13),2016-02-05,1,40133,1
MARICOPA (13),2016-02-07,1,40135,2
MARICOPA (13),2016-02-10,1,40137,1
MARICOPA (13),2016-02-10,1,40138,2
MARICOPA (13),2016-02-12,1,40139,2
MARICOPA (13),2016-02-13,1,40141,1
MARICOPA (13),2016-02-13,1,40142,1
MARICOPA (13),2016-02-14,1,40143,1
MARICOPA (13),2016-02-15,2,40145,2
MARICOPA (13),2016-02-19,2,40146,1
MARICOPA (13),2016-02-19,1,40147,2
MARICOPA (13),2016-02-19,1,40149,2
MARICOPA (13),2016-02-27,1,40152,1
MARICOPA (13),2016-02-28,1,40153,1
MARICOPA (13),2016-02-29,1,40154,2
MARICOPA (13),2016-03-20,1,40157,4
MARICOPA (13),2016-03-27,1,40160,1
MARICOPA (13),2016-03-31,1,40161,1
MARICOPA (13),2016-04-01,1,40162,1
MARICOPA (13),2016-04-01,1,40163,1
MARICOPA (13),2016-04-02,1,40167,1
MARICOPA (13),2016-04-04,1,40169,2
MARICOPA (13),2016-04-04,1,40170,2
MARICOPA (13),2016-04-06,1,40173,1
MARICOPA (13),2016-04-09,1,40176,2
MARICOPA (13),2016-04-09,1,40177,1
MARICOPA (13),2016-04-11,1,40181,1
MARICOPA (13),2016-04-17,1,40183,1
MARICOPA (13),2016-04-20,1,40185,1
MARICOPA (13),2016-04-26,1,40188,1
MARICOPA (13),2016-04-27,1,40189,1
MARICOPA (13),2016-03-09,1,40192,1
MARICOPA (13),2016-03-13,1,40193,1
MARICOPA (13),2016-04-17,1,40195,1
MARICOPA (13),2016-03-03,1,40200,2
MARICOPA (13),2016-03-08,1,40201,3
MARICOPA (13),2016-03-14,1,40204,2
MARICOPA (13),2016-03-15,1,40205,1
MARICOPA (13),2016-03-25,1,40207,3
MARICOPA (13),2016-03-28,1,40208,2
MARICOPA (13),2016-03-28,1,40209,1
MARICOPA (13),2016-03-31,1,40210,2
MARICOPA (13),2016-04-09,1,40211,1
MARICOPA (13),2016-03-10,1,40216,1
MARICOPA (13),2016-03-10,1,40217,3
MARICOPA (13),2016-03-11,1,40218,2
MARICOPA (13),2016-03-11,1,40219,1
MARICOPA (13),2016-03-12,1,40220,2
MARICOPA (13),2016-03-13,1,40221,1
MARICOPA (13),2016-03-14,1,40222,1
MARICOPA (13),2016-03-17,1,40223,2
MARICOPA (13),2016-03-25,1,40224,2
MARICOPA (13),2016-03-25,1,40225,1
MARICOPA (13),2016-03-27,1,40226,1
MARICOPA (13),2016-03-28,1,40227,1
MARICOPA (13),2016-03-29,1,40228,1
MARICOPA (13),2016-03-29,1,40229,1
MARICOPA (13),2016-04-09,1,40230,3
MARICOPA (13),2016-04-28,1,40235,3
MARICOPA (13),2016-04-29,1,40236,2
MARICOPA (13),2016-01-27,1,40239,1
MARICOPA (13),2016-04-03,1,40241,2
MARICOPA (13),2016-04-13,1,40242,1
MARICOPA (13),2016-04-16,1,40243,1
MARICOPA (13),2016-04-14,1,40247,1
MARICOPA (13),2016-04-02,1,40250,3
MARICOPA (13),2016-04-07,1,40255,1
MARICOPA (13),2016-04-11,1,40258,2
MARICOPA (13),2016-04-21,1,40260,3
MARICOPA (13),2016-04-22,1,40261,2
MARICOPA (13),2016-04-24,3,40262,2
MARICOPA (13),2016-04-26,1,40263,1
MARICOPA (13),2016-04-05,1,40264,2
MARICOPA (13),2016-04-01,1,40266,1
MARICOPA (13),2016-04-02,1,40267,1
MARICOPA (13),2016-04-02,1,40268,3
MARICOPA (13),2016-04-07,1,40269,2
MARICOPA (13),2016-04-08,1,40270,1
MARICOPA (13),2016-04-12,1,40271,1
MARICOPA (13),2016-04-17,1,40272,2
MARICOPA (13),2016-04-18,1,40273,2
MARICOPA (13),2016-04-19,1,40274,1
MARICOPA (13),2016-04-23,1,40275,2
MARICOPA (13),2016-04-24,1,40276,1
MARICOPA (13),2016-04-27,1,40278,1
MARICOPA (13),2016-04-29,1,40279,3
MARICOPA (13),2016-04-30,2,40280,1
MARICOPA (13),2016-04-30,1,40281,1
MARICOPA (13),2016-05-01,1,40282,3
MARICOPA (13),2016-05-07,1,40286,1
MARICOPA (13),2016-05-20,1,40294,2
MARICOPA (13),2016-05-22,1,40297,1
MARICOPA (13),2016-05-12,1,40302,3
MARICOPA (13),2016-05-15,1,40303,2
MARICOPA (13),2016-05-19,1,40304,1
MARICOPA (13),2016-05-23,1,40305,1
MARICOPA (13),2016-05-29,1,40306,1
MARICOPA (13),2016-05-18,1,40308,2
MARICOPA (13),2016-05-19,1,40309,1
MARICOPA (13),2016-05-17,1,40319,1
MARICOPA (13),2016-05-30,1,40323,1
MARICOPA (13),2016-05-31,1,40324,2
MARICOPA (13),2016-05-15,1,40325,2
MARICOPA (13),2016-05-18,1,40326,2
MARICOPA (13),,1,40327,1
MARICOPA (13),2016-05-21,1,40328,1
MARICOPA (13),2016-05-21,1,40329,1
MARICOPA (13),2016-05-27,1,40331,2
MARICOPA (13),2016-05-02,1,40336,1
MARICOPA (13),2016-05-03,1,40339,1
MARICOPA (13),2016-05-05,1,40340,6
MARICOPA (13),2016-05-05,1,40341,1
MARICOPA (13),2016-05-09,1,40342,1
MARICOPA (13),2016-05-12,1,40343,1
MARICOPA (13),2016-05-14,1,40344,1
MARICOPA (13),2016-05-20,1,40345,1
MARICOPA (13),2016-05-20,1,40346,3
MARICOPA (13),2016-05-31,1,40347,1
MARICOPA (13),2016-06-01,1,40349,1
MARICOPA (13),2016-06-03,1,40350,2
MARICOPA (13),2016-06-04,1,40351,1
MARICOPA (13),2016-06-05,1,40354,2
MARICOPA (13),2016-06-07,1,40356,1
MARICOPA (13),2016-06-17,3,40374,2
MARICOPA (13),2016-06-24,2,40377,1
MARICOPA (13),2016-06-29,1,40384,2
MARICOPA (13),2016-06-30,1,40385,8
MARICOPA (13),2016-06-03,1,40386,2
MARICOPA (13),2016-06-03,1,40387,1
MARICOPA (13),2016-06-20,1,40389,1
MARICOPA (13),2016-06-08,1,40392,1
MARICOPA (13),2016-06-13,1,40393,1
MARICOPA (13),2016-06-19,1,40397,1
MARICOPA (13),2016-06-21,1,40399,2
MARICOPA (13),2016-06-24,1,40400,2
MARICOPA (13),2016-06-03,1,40404,1
MARICOPA (13),2016-06-07,1,40406,1
MARICOPA (13),2016-06-09,1,40407,3
MARICOPA (13),2016-06-10,2,40408,2
MARICOPA (13),2016-06-11,1,40409,1
MARICOPA (13),2016-06-11,1,40410,1
MARICOPA (13),2016-06-11,1,40411,1
MARICOPA (13),2016-06-12,1,40412,1
MARICOPA (13),2016-06-13,1,40413,2
MARICOPA (13),2016-06-14,1,40414,1
MARICOPA (13),2016-06-15,1,40415,4
MARICOPA (13),2016-06-18,1,40416,1
MARICOPA (13),2016-06-18,1,40417,2
MARICOPA (13),2016-06-19,1,40418,1
MARICOPA (13),2016-06-21,1,40419,3
MARICOPA (13),2016-06-22,1,40420,2
MARICOPA (13),2016-06-25,1,40422,1
MARICOPA (13),2016-06-26,1,40423,2
MARICOPA (13),2016-06-27,1,40424,2
MARICOPA (13),2016-06-28,1,40425,1
MARICOPA (13),2016-06-30,1,40426,2
MARICOPA (13),2016-06-30,1,40427,2
MARICOPA (13),2016-07-10,1,40434,3
MARICOPA (13),2016-07-10,1,40435,1
MARICOPA (13),2016-07-11,2,40438,1
MARICOPA (13),2016-07-11,1,40439,2
MARICOPA (13),2016-07-14,1,40444,2
MARICOPA (13),2016-07-15,1,40446,2
MARICOPA (13),2016-07-15,1,40447,1
MARICOPA (13),2016-07-16,1,40448,1
MARICOPA (13),2016-07-20,1,40450,1
MARICOPA (13),2016-07-28,1,40460,2
MARICOPA (13),2016-06-07,1,40466,2
MARICOPA (13),2016-06-14,1,40469,1
MARICOPA (13),2016-06-25,1,40470,2
MARICOPA (13),2016-07-02,1,40477,2
MARICOPA (13),2016-07-03,1,40480,1
MARICOPA (13),2016-07-14,1,40483,1
MARICOPA (13),2016-07-17,1,40485,2
MARICOPA (13),2016-08-01,1,40486,1
MARICOPA (13),2016-08-02,1,40489,1
MARICOPA (13),2016-08-03,1,40490,2
MARICOPA (13),2016-08-04,1,40492,2
MARICOPA (13),2016-08-06,1,40493,2
MARICOPA (13),2016-08-09,1,40496,2
MARICOPA (13),2016-08-11,1,40499,2
MARICOPA (13),2016-08-15,1,40505,1
MARICOPA (13),2016-08-23,1,40510,3
MARICOPA (13),2016-08-27,2,40515,2
MARICOPA (13),2016-08-29,1,40516,3
MARICOPA (13),2016-07-03,1,40518,1
MARICOPA (13),2016-07-07,1,40519,2
MARICOPA (13),2016-07-13,1,40520,2
MARICOPA (13),2016-07-15,1,40521,2
MARICOPA (13),2016-08-06,1,40522,1
MARICOPA (13),2016-08-17,1,40524,1
MARICOPA (13),2016-08-19,1,40525,1
MARICOPA (13),2016-08-27,1,40527,1
MARICOPA (13),2016-08-07,1,40530,7
MARICOPA (13),2016-08-21,1,40531,1
MARICOPA (13),2016-07-14,1,40542,7
MARICOPA (13),2016-07-18,1,40543,1
MARICOPA (13),2016-07-21,1,40544,2
MARICOPA (13),2016-07-22,1,40546,2
MARICOPA (13),2016-07-26,1,40547,7
MARICOPA (13),2016-07-28,1,40549,4
MARICOPA (13),2016-09-02,1,40552,2
MARICOPA (13),2016-09-10,1,40558,1
MARICOPA (13),2016-09-12,1,40560,1
MARICOPA (13),2016-09-12,1,40561,2
MARICOPA (13),2016-09-14,1,40562,4
MARICOPA (13),2016-09-16,1,40564,2
MARICOPA (13),2016-09-17,1,40566,1
MARICOPA (13),2016-09-19,1,40570,1
MARICOPA (13),2016-09-21,1,40572,2
MARICOPA (13),2016-09-22,1,40574,1
MARICOPA (13),2016-09-23,1,40575,2
MARICOPA (13),2016-09-24,1,40583,1
MARICOPA (13),2016-01-31,1,40584,1
MARICOPA (13),2016-08-14,1,40586,1
MARICOPA (13),2016-08-24,1,40587,1
MARICOPA (13),2016-09-15,1,40588,3
MARICOPA (13),2016-09-26,1,40589,2
MARICOPA (13),2016-09-26,1,40597,1
MARICOPA (13),2016-08-03,1,40599,2
MARICOPA (13),2016-08-03,1,40600,2
MARICOPA (13),2016-08-11,1,40601,2
MARICOPA (13),2016-08-31,1,40602,2
MARICOPA (13),2016-08-03,1,40603,1
MARICOPA (13),2016-08-08,1,40604,2
MARICOPA (13),2016-08-09,1,40605,3
MARICOPA (13),2016-08-12,1,40608,1
MARICOPA (13),2016-08-12,1,40609,1
MARICOPA (13),2016-08-17,1,40611,1
MARICOPA (13),2016-08-19,1,40612,2
MARICOPA (13),2016-08-27,1,40613,2
MARICOPA (13),2016-08-27,1,40614,1
MARICOPA (13),2016-08-30,1,40616,2
MARICOPA (13),2016-08-30,1,40617,2
MARICOPA (13),2016-08-31,1,40618,2
MARICOPA (13),2016-08-13,1,40620,1
MARICOPA (13),2016-09-14,1,40621,1
MARICOPA (13),2016-09-09,1,40624,3
MARICOPA (13),2016-09-09,1,40628,1
MARICOPA (13),2016-09-11,1,40629,1
MARICOPA (13),2016-09-17,1,40631,1
MARICOPA (13),2016-09-18,1,40634,2
MARICOPA (13),2016-09-19,1,40635,2
MARICOPA (13),2016-09-24,1,40636,2
MARICOPA (13),2016-09-02,1,40638,2
MARICOPA (13),2016-09-03,1,40639,2
MARICOPA (13),2016-09-15,1,40641,1
MARICOPA (13),2016-09-17,1,40642,1
MARICOPA (13),2016-09-22,1,40643,1
MARICOPA (13),2016-09-22,1,40644,1
MARICOPA (13),2016-09-23,1,40645,1
MARICOPA (13),2016-09-23,1,40646,1
MARICOPA (13),2016-09-23,1,40648,2
MARICOPA (13),2016-09-25,1,40649,2
MARICOPA (13),2016-09-26,1,40650,2
MARICOPA (13),2016-09-27,1,40651,3
MARICOPA (13),2016-09-28,1,40652,1
MARICOPA (13),2016-09-30,1,40653,2
MARICOPA (13),2016-09-30,1,40654,1
MARICOPA (13),2016-09-30,1,40656,2
MARICOPA (13),2016-10-04,1,40661,1
MARICOPA (13),2016-10-08,1,40664,1
MARICOPA (13),2016-10-09,1,40666,2
MARICOPA (13),2016-10-11,1,40668,1
MARICOPA (13),2016-10-20,1,40674,3
MARICOPA (13),2016-10-23,1,40677,1
MARICOPA (13),2016-10-25,1,40680,1
MARICOPA (13),2016-10-02,1,40683,4
MARICOPA (13),2016-10-23,1,40686,1
MARICOPA (13),2016-10-03,1,40688,2
MARICOPA (13),2016-10-13,1,40689,2
MARICOPA (13),2016-07-11,1,40690,1
MARICOPA (13),2016-08-15,1,40691,1
MARICOPA (13),2016-10-07,1,40697,2
MARICOPA (13),2016-10-17,2,40698,2
MARICOPA (13),2016-10-23,1,40699,2
MARICOPA (13),2016-10-01,1,40700,1
MARICOPA (13),2016-10-12,1,40702,2
MARICOPA (13),2016-10-14,2,40703,2
MARICOPA (13),2016-10-15,1,40704,1
MARICOPA (13),2016-11-01,2,40708,2
MARICOPA (13),2016-11-01,1,40709,1
MARICOPA (13),2016-11-03,1,40711,2
MARICOPA (13),2016-11-07,1,40714,3
MARICOPA (13),2016-11-07,1,40716,3
MARICOPA (13),2016-11-08,1,40717,1
MARICOPA (13),2016-11-08,1,40719,1
MARICOPA (13),2016-11-09,1,40722,1
MARICOPA (13),2016-11-12,1,40725,2
MARICOPA (13),2016-11-13,1,40727,1
MARICOPA (13),2016-11-16,1,40731,2
MARICOPA (13),2016-11-18,1,40735,4
MARICOPA (13),2016-11-19,1,40736,1
MARICOPA (13),2016-11-23,1,40737,2
MARICOPA (13),2016-11-25,1,40740,2
MARICOPA (13),2016-11-25,1,40741,1
MARICOPA (13),2016-11-26,1,40742,2
MARICOPA (13),2016-10-21,1,40745,4
MARICOPA (13),2016-10-03,1,40748,2
MARICOPA (13),2016-10-09,1,40749,1
MARICOPA (13),2016-10-10,3,40750,2
MARICOPA (13),2016-10-15,1,40751,1
MARICOPA (13),2016-10-15,1,40752,1
MARICOPA (13),2016-10-15,1,40753,1
MARICOPA (13),2016-10-20,1,40754,2
MARICOPA (13),2016-10-20,1,40755,2
MARICOPA (13),2016-10-22,1,40756,3
MARICOPA (13),2016-10-22,1,40757,1
MARICOPA (13),2016-10-26,1,40761,2
MARICOPA (13),2016-10-26,1,40762,2
MARICOPA (13),2016-10-27,1,40763,3
MARICOPA (13),2016-10-27,1,40764,2
MARICOPA (13),2016-10-27,1,40765,1
MARICOPA (13),2016-11-21,1,40766,4
MARICOPA (13),2016-11-07,1,40768,1
MARICOPA (13),2016-11-18,1,40770,1
MARICOPA (13),2016-08-16,1,40772,2
MARICOPA (13),2016-11-12,1,40773,1
MARICOPA (13),2016-11-26,1,40776,1
MARICOPA (13),2016-08-11,1,40777,1
MARICOPA (13),2016-11-14,1,40780,1
MARICOPA (13),2016-11-02,1,40782,1
MARICOPA (13),2016-11-03,1,40783,3
MARICOPA (13),2016-11-07,1,40784,2
MARICOPA (13),2016-11-07,1,40785,2
MARICOPA (13),2016-11-07,1,40786,1
MARICOPA (13),2016-11-08,1,40787,1
MARICOPA (13),2016-11-08,1,40788,2
MARICOPA (13),2016-11-08,1,40789,1
MARICOPA (13),2016-11-09,1,40790,1
MARICOPA (13),2016-11-12,1,40792,1
MARICOPA (13),2016-11-13,1,40793,2
MARICOPA (13),2016-11-14,2,40794,2
MARICOPA (13),2016-11-15,1,40795,2
MARICOPA (13),2016-11-22,1,40796,1
MARICOPA (13),,1,40797,2
MARICOPA (13),2016-11-23,1,40798,1
MARICOPA (13),2016-11-27,1,40801,1
MARICOPA (13),2016-12-03,1,40806,1
MARICOPA (13),2016-12-07,1,40807,1
MARICOPA (13),2016-12-09,1,40809,1
MARICOPA (13),2016-12-09,1,40810,2
MARICOPA (13),2016-12-09,2,40811,2
MARICOPA (13),2016-12-10,1,40813,4
MARICOPA (13),2016-12-11,1,40815,1
MARICOPA (13),2016-12-13,2,40817,2
MARICOPA (13),2016-12-20,1,40820,1
MARICOPA (13),2016-12-20,1,40821,1
MARICOPA (13),2016-12-28,1,40828,2
MARICOPA (13),2016-12-29,1,40831,2
MARICOPA (13),2016-04-13,1,40833,1
MARICOPA (13),2016-12-23,1,40834,2
MARICOPA (13),2016-12-31,1,40835,1
MARICOPA (13),2016-12-21,1,40836,2
MARICOPA (13),2016-11-12,1,40842,2
MARICOPA (13),2016-11-13,1,40844,1
MARICOPA (13),2016-11-28,1,40845,2
MARICOPA (13),2016-12-14,1,40846,2
MARICOPA (13),2016-12-27,1,40849,1
MARICOPA (13),2016-12-01,1,40850,1
MARICOPA (13),2016-12-03,1,40852,1
MARICOPA (13),2016-12-03,1,40854,1
MARICOPA (13),2016-12-03,1,40855,3
MARICOPA (13),2016-12-06,1,40858,2
MARICOPA (13),2016-12-09,1,40859,1
MARICOPA (13),2016-12-10,1,40860,1
MARICOPA (13),2016-12-12,1,40861,2
MARICOPA (13),2016-12-13,1,40862,3
MARICOPA (13),2016-12-20,1,40864,1
MARICOPA (13),2016-12-20,1,40865,2
MARICOPA (13),2016-12-21,1,40866,2
MARICOPA (13),2016-12-22,1,40867,2
MARICOPA (13),2016-12-23,1,40868,1
MARICOPA (13),2016-12-27,1,40870,2
MARICOPA (13),2016-12-29,1,40871,1
MARICOPA (13),2016-12-30,1,40872,2
MARICOPA (13),2016-12-30,1,40873,1
MARICOPA (13),2016-12-30,1,40874,2
MARICOPA (13),2016-12-31,1,40876,1
MARICOPA (13),2016-11-15,1,40877,2
MARICOPA (13),2016-09-12,1,40878,2
MARICOPA (13),2016-12-10,1,40879,1
MARICOPA (13),,1,40883,1
MARICOPA (13),2017-06-24,1,40403,3
MARICOPA (13),2017-06-24,1,40404,1
MARICOPA (13),2017-06-10,1,40408,1
MARICOPA (13),2017-06-15,1,40409,1
MARICOPA (13),2017-04-20,1,40412,2
MARICOPA (13),2017-05-16,1,40413,1
MARICOPA (13),2017-06-12,1,40414,1
MARICOPA (13),2017-06-05,1,40415,1
MARICOPA (13),2017-06-06,2,40416,3
MARICOPA (13),2017-06-21,1,40419,2
MARICOPA (13),2017-06-29,1,40422,3
MARICOPA (13),2017-06-09,1,40423,2
MARICOPA (13),2017-06-01,1,40426,1
MARICOPA (13),2017-06-05,1,40429,3
MARICOPA (13),2017-06-06,1,40431,1
MARICOPA (13),2017-06-09,1,40433,1
MARICOPA (13),2017-06-12,1,40434,2
MARICOPA (13),2017-06-13,1,40436,1
MARICOPA (13),2017-06-16,1,40437,4
MARICOPA (13),2017-06-16,1,40438,2
MARICOPA (13),2017-06-21,1,40439,1
MARICOPA (13),2017-06-22,1,40440,1
MARICOPA (13),2017-06-24,1,40441,1
MARICOPA (13),2017-06-24,1,40442,2
MARICOPA (13),2017-06-25,1,40443,1
MARICOPA (13),2017-06-25,1,40444,1
MARICOPA (13),2017-06-26,1,40445,2
MARICOPA (13),2017-06-29,1,40446,2
MARICOPA (13),2017-07-04,1,40454,1
MARICOPA (13),2017-07-06,1,40455,1
MARICOPA (13),2017-07-06,1,40456,1
MARICOPA (13),2017-07-06,1,40457,2
MARICOPA (13),2017-07-07,1,40459,2
MARICOPA (13),2017-07-07,1,40461,2
MARICOPA (13),2017-07-08,1,40462,3
MARICOPA (13),2017-07-08,1,40464,2
MARICOPA (13),2017-07-12,1,40467,2
MARICOPA (13),2017-07-13,2,40471,1
MARICOPA (13),2017-07-14,1,40473,2
MARICOPA (13),2017-07-14,1,40474,1
MARICOPA (13),2017-07-15,1,40476,1
MARICOPA (13),2017-07-19,1,40480,3
MARICOPA (13),2017-07-20,1,40482,1
MARICOPA (13),2017-07-21,1,40483,2
MARICOPA (13),2017-07-21,1,40484,1
MARICOPA (13),2017-07-22,1,40487,1
MARICOPA (13),2017-07-23,1,40488,2
MARICOPA (13),2017-07-25,1,40494,1
MARICOPA (13),2017-07-25,2,40497,6
MARICOPA (13),2017-07-25,1,40498,1
MARICOPA (13),2017-07-26,1,40499,1
MARICOPA (13),2017-07-31,1,40506,2
MARICOPA (13),2017-07-09,1,40507,2
MARICOPA (13),2017-07-06,1,40510,2
MARICOPA (13),2017-07-07,1,40511,2
MARICOPA (13),2017-07-31,1,40514,2
MARICOPA (13),2017-08-01,1,40516,2
MARICOPA (13),2017-08-02,1,40518,2
MARICOPA (13),2017-08-12,1,40528,1
MARICOPA (13),2017-08-13,1,40529,5
MARICOPA (13),2017-01-01,1,40001,2
MARICOPA (13),2017-01-04,1,40005,2
MARICOPA (13),2017-01-05,1,40007,1
MARICOPA (13),2017-01-08,1,40009,1
MARICOPA (13),2017-01-09,1,40010,3
MARICOPA (13),2017-01-11,1,40012,2
MARICOPA (13),2017-01-12,1,40013,2
MARICOPA (13),2017-01-17,1,40019,2
MARICOPA (13),2017-01-23,1,40023,1
MARICOPA (13),2017-01-29,1,40029,2
MARICOPA (13),2017-01-29,1,40030,1
MARICOPA (13),2017-01-03,1,40034,1
MARICOPA (13),2017-01-12,1,40037,1
MARICOPA (13),2017-01-13,1,40039,2
MARICOPA (13),2017-01-14,2,40040,4
MARICOPA (13),2017-01-03,1,40046,2
MARICOPA (13),2017-01-06,2,40049,2
MARICOPA (13),2017-01-18,1,40052,1
MARICOPA (13),2017-01-21,1,40055,1
MARICOPA (13),2017-01-31,1,40058,2
MARICOPA (13),2017-01-01,1,40059,1
MARICOPA (13),2017-01-09,1,40060,1
MARICOPA (13),2017-01-10,1,40061,3
MARICOPA (13),2017-01-11,1,40062,2
MARICOPA (13),2017-01-14,1,40063,1
MARICOPA (13),2017-01-15,1,40064,1
MARICOPA (13),2017-01-15,2,40065,1
MARICOPA (13),2017-01-20,1,40066,2
MARICOPA (13),2017-01-20,1,40067,2
MARICOPA (13),2017-01-21,1,40068,1
MARICOPA (13),2017-01-24,1,40069,2
MARICOPA (13),2017-01-29,1,40070,1
MARICOPA (13),2017-02-04,1,40073,1
MARICOPA (13),2017-02-05,1,40076,1
MARICOPA (13),2017-02-05,1,40077,1
MARICOPA (13),2017-02-08,1,40078,1
MARICOPA (13),2017-02-08,1,40080,2
MARICOPA (13),2017-02-11,1,40084,2
MARICOPA (13),2017-02-12,1,40087,2
MARICOPA (13),2017-02-23,1,40096,2
MARICOPA (13),2017-02-23,1,40101,2
MARICOPA (13),2017-02-21,1,40103,2
MARICOPA (13),2017-01-21,1,40104,2
MARICOPA (13),2017-02-08,1,40105,1
MARICOPA (13),2017-02-18,1,40106,1
MARICOPA (13),2017-02-08,1,40109,2
MARICOPA (13),2017-02-12,1,40110,2
MARICOPA (13),2017-02-10,1,40113,2
MARICOPA (13),2017-02-12,1,40114,2
MARICOPA (13),2017-02-12,1,40116,2
MARICOPA (13),2017-01-25,1,40120,3
MARICOPA (13),2017-02-03,1,40121,1
MARICOPA (13),2017-02-04,1,40123,3
MARICOPA (13),2017-02-04,1,40124,1
MARICOPA (13),2017-02-07,1,40125,1
MARICOPA (13),2017-02-09,1,40126,1
MARICOPA (13),2017-02-15,1,40129,1
MARICOPA (13),2017-02-20,1,40133,1
MARICOPA (13),2017-02-25,1,40134,4
MARICOPA (13),2017-02-25,1,40135,2
MARICOPA (13),2017-02-26,1,40136,2
MARICOPA (13),2017-02-27,1,40137,1
MARICOPA (13),2017-02-28,1,40138,1
MARICOPA (13),2017-03-03,1,40140,1
MARICOPA (13),2017-03-03,1,40141,2
MARICOPA (13),2017-03-05,1,40142,1
MARICOPA (13),2017-03-10,1,40149,1
MARICOPA (13),2017-03-11,1,40151,1
MARICOPA (13),2017-03-12,1,40153,1
MARICOPA (13),2017-03-18,1,40157,3
MARICOPA (13),2017-03-18,1,40158,2
MARICOPA (13),2017-03-18,1,40160,2
MARICOPA (13),2017-03-21,1,40163,1
MARICOPA (13),2017-03-24,1,40165,1
MARICOPA (13),2017-03-24,1,40166,4
MARICOPA (13),2017-03-31,1,40174,2
MARICOPA (13),2017-03-27,1,40178,1
MARICOPA (13),2017-02-19,1,40179,2
MARICOPA (13),2017-03-20,1,40181,1
MARICOPA (13),2017-01-27,1,40182,4
MARICOPA (13),2017-03-19,1,40185,1
MARICOPA (13),2017-03-04,1,40186,1
MARICOPA (13),2017-03-07,1,40188,1
MARICOPA (13),2017-03-07,1,40189,3
MARICOPA (13),2017-03-07,1,40190,1
MARICOPA (13),2017-03-12,1,40193,1
MARICOPA (13),2017-03-12,1,40194,2
MARICOPA (13),2017-03-14,1,40195,2
MARICOPA (13),2017-03-16,2,40196,1
MARICOPA (13),2017-03-18,1,40197,2
MARICOPA (13),2017-03-18,1,40198,1
MARICOPA (13),2017-03-19,1,40199,3
MARICOPA (13),2017-03-22,1,40200,1
MARICOPA (13),2017-03-23,1,40201,1
MARICOPA (13),2017-03-26,1,40202,1
MARICOPA (13),2017-03-30,1,40205,1
MARICOPA (13),2017-03-25,1,40206,1
MARICOPA (13),2017-04-07,1,40210,1
MARICOPA (13),2017-04-07,1,40211,2
MARICOPA (13),2017-04-08,1,40212,1
MARICOPA (13),2017-04-09,1,40214,1
MARICOPA (13),2017-04-11,1,40215,1
MARICOPA (13),2017-04-13,1,40220,1
MARICOPA (13),2017-04-13,3,40221,2
MARICOPA (13),2017-04-15,1,40223,2
MARICOPA (13),2017-04-20,1,40225,1
MARICOPA (13),2017-04-24,1,40231,2
MARICOPA (13),2017-03-19,1,40235,2
MARICOPA (13),2017-04-05,1,40240,2
MARICOPA (13),2017-04-07,1,40241,1
MARICOPA (13),2017-04-09,1,40246,2
MARICOPA (13),2017-04-14,3,40247,2
MARICOPA (13),2017-03-19,2,40250,4
MARICOPA (13),2017-03-08,1,40251,2
MARICOPA (13),2017-04-10,1,40252,2
MARICOPA (13),2017-05-01,2,40255,2
MARICOPA (13),2017-05-03,1,40256,2
MARICOPA (13),2017-05-03,1,40257,2
MARICOPA (13),2017-05-05,1,40263,3
MARICOPA (13),2017-05-06,2,40266,2
MARICOPA (13),2017-05-06,1,40268,1
MARICOPA (13),2017-05-07,1,40270,1
MARICOPA (13),2017-05-09,1,40271,1
MARICOPA (13),2017-05-11,1,40272,1
MARICOPA (13),2017-05-15,1,40274,2
MARICOPA (13),2017-05-24,1,40279,2
MARICOPA (13),2017-05-30,1,40285,1
MARICOPA (13),2017-05-31,1,40287,1
MARICOPA (13),2017-05-14,1,40291,1
MARICOPA (13),2017-04-01,1,40298,1
MARICOPA (13),2017-04-01,1,40299,2
MARICOPA (13),2017-04-02,1,40301,2
MARICOPA (13),2017-04-04,1,40303,1
MARICOPA (13),2017-04-05,1,40305,1
MARICOPA (13),2017-04-05,1,40306,2
MARICOPA (13),2017-04-07,1,40307,2
MARICOPA (13),2017-04-07,1,40308,1
MARICOPA (13),2017-04-14,1,40310,3
MARICOPA (13),2017-04-20,3,40312,2
MARICOPA (13),2017-04-21,1,40313,1
MARICOPA (13),2017-04-21,1,40314,1
MARICOPA (13),2017-04-23,1,40315,2
MARICOPA (13),2017-04-24,1,40316,1
MARICOPA (13),2017-04-25,1,40317,2
MARICOPA (13),2017-04-26,1,40319,2
MARICOPA (13),2017-04-26,1,40320,1
MARICOPA (13),2017-04-29,1,40323,1
MARICOPA (13),2017-05-12,1,40325,3
MARICOPA (13),2017-05-30,1,40327,1
MARICOPA (13),2017-05-03,1,40330,1
MARICOPA (13),2017-05-10,1,40332,4
MARICOPA (13),,1,40335,1
MARICOPA (13),2017-05-06,1,40341,3
MARICOPA (13),2017-05-22,1,40343,2
MARICOPA (13),2017-05-27,1,40346,4
MARICOPA (13),2017-05-11,1,40348,2
MARICOPA (13),2017-05-18,1,40349,2
MARICOPA (13),2017-05-31,1,40350,1
MARICOPA (13),2017-05-02,1,40352,1
MARICOPA (13),2017-05-02,1,40353,2
MARICOPA (13),2017-05-03,1,40354,2
MARICOPA (13),2017-05-07,1,40355,1
MARICOPA (13),2017-05-09,1,40356,2
MARICOPA (13),2017-05-09,1,40357,2
MARICOPA (13),2017-05-10,1,40358,4
MARICOPA (13),2017-05-12,1,40359,3
MARICOPA (13),2017-05-12,1,40360,2
MARICOPA (13),2017-05-13,1,40361,1
MARICOPA (13),2017-05-14,1,40363,2
MARICOPA (13),2017-05-16,1,40364,2
MARICOPA (13),2017-05-16,1,40365,2
MARICOPA (13),2017-05-18,2,40367,2
MARICOPA (13),2017-05-18,1,40368,1
MARICOPA (13),2017-05-23,1,40371,2
MARICOPA (13),2017-06-01,1,40375,2
MARICOPA (13),2017-06-02,1,40376,2
MARICOPA (13),2017-06-03,1,40378,2
MARICOPA (13),2017-06-04,1,40379,2
MARICOPA (13),2017-06-05,1,40380,2
MARICOPA (13),2017-06-06,1,40381,2
MARICOPA (13),2017-06-12,1,40386,1
MARICOPA (13),2017-06-16,1,40389,1
MARICOPA (13),2017-06-16,1,40390,1
MARICOPA (13),2017-06-17,1,40393,1
MARICOPA (13),2017-06-24,1,40401,2
MARICOPA (13),2017-08-25,1,40540,1
MARICOPA (13),2017-08-27,1,40541,2
MARICOPA (13),2017-08-28,1,40542,1
MARICOPA (13),2017-08-31,1,40544,1
MARICOPA (13),2017-08-31,1,40545,1
MARICOPA (13),2017-08-09,1,40547,2
MARICOPA (13),2017-06-03,1,40550,2
MARICOPA (13),2017-07-06,1,40555,1
MARICOPA (13),2017-07-09,1,40556,2
MARICOPA (13),2017-07-12,1,40558,2
MARICOPA (13),2017-07-14,1,40560,1
MARICOPA (13),2017-07-14,1,40561,1
MARICOPA (13),2017-07-17,1,40562,1
MARICOPA (13),2017-07-18,1,40563,1
MARICOPA (13),2017-07-20,1,40564,1
MARICOPA (13),2017-07-27,1,40565,1
MARICOPA (13),2017-07-27,1,40566,8
MARICOPA (13),2017-07-30,1,40569,1
MARICOPA (13),2017-08-13,1,40570,2
MARICOPA (13),2017-08-03,1,40574,2
MARICOPA (13),2017-08-19,1,40575,2
MARICOPA (13),2017-09-02,1,40579,1
MARICOPA (13),2017-09-02,1,40580,1
MARICOPA (13),2017-09-07,1,40585,2
MARICOPA (13),2017-09-10,1,40587,1
MARICOPA (13),2017-09-12,1,40589,1
MARICOPA (13),2017-09-13,1,40591,5
MARICOPA (13),2017-09-16,1,40593,1
MARICOPA (13),2017-09-16,1,40594,1
MARICOPA (13),2017-09-21,1,40601,2
MARICOPA (13),2017-08-03,1,40612,1
MARICOPA (13),2017-08-04,1,40613,2
MARICOPA (13),2017-08-06,1,40614,2
MARICOPA (13),2017-08-06,2,40616,2
MARICOPA (13),2017-08-08,1,40617,2
MARICOPA (13),2017-08-13,1,40619,1
MARICOPA (13),2017-08-16,1,40620,2
MARICOPA (13),2017-08-17,1,40622,2
MARICOPA (13),2017-08-18,1,40623,1
MARICOPA (13),2017-08-18,1,40624,1
MARICOPA (13),2017-08-19,1,40625,1
MARICOPA (13),2017-08-20,1,40626,2
MARICOPA (13),2017-08-21,1,40627,1
MARICOPA (13),2017-08-23,2,40628,4
MARICOPA (13),2017-08-25,1,40629,2
MARICOPA (13),2017-09-10,1,40631,1
MARICOPA (13),2017-09-28,1,40638,2
MARICOPA (13),2017-07-04,1,40640,3
MARICOPA (13),2017-09-20,1,40642,1
MARICOPA (13),2017-09-01,1,40643,2
MARICOPA (13),2017-09-13,1,40644,1
MARICOPA (13),2017-09-05,1,40647,1
MARICOPA (13),2017-09-01,2,40648,2
MARICOPA (13),2017-09-05,1,40650,1
MARICOPA (13),2017-09-06,1,40651,1
MARICOPA (13),2017-09-11,1,40655,1
MARICOPA (13),2017-09-12,1,40656,2
MARICOPA (13),2017-09-14,1,40657,2
MARICOPA (13),2017-09-15,1,40658,1
MARICOPA (13),2017-09-19,1,40660,1
MARICOPA (13),2017-09-19,1,40661,1
MARICOPA (13),2017-09-22,1,40662,3
MARICOPA (13),2017-09-24,1,40666,1
MARICOPA (13),2017-09-30,1,40668,2
MARICOPA (13),2017-10-02,1,40672,2
MARICOPA (13),2017-10-02,3,40674,4
MARICOPA (13),2017-10-07,1,40679,2
MARICOPA (13),2017-10-07,1,40681,1
MARICOPA (13),2017-10-08,1,40682,1
MARICOPA (13),2017-10-12,1,40685,2
MARICOPA (13),2017-10-15,1,40691,2
MARICOPA (13),2017-10-18,2,40695,3
MARICOPA (13),2017-10-18,1,40696,1
MARICOPA (13),2017-10-20,1,40698,1
MARICOPA (13),2017-10-21,2,40700,5
MARICOPA (13),2017-10-21,1,40701,1
MARICOPA (13),2017-10-23,2,40704,2
MARICOPA (13),2017-10-24,1,40706,2
MARICOPA (13),2017-10-28,1,40709,1
MARICOPA (13),2017-10-28,1,40710,2
MARICOPA (13),2017-10-28,1,40711,1
MARICOPA (13),2017-10-30,1,40715,11
MARICOPA (13),2017-09-30,1,40718,1
MARICOPA (13),2017-08-09,1,40723,1
MARICOPA (13),2017-09-17,1,40731,1
MARICOPA (13),2017-09-28,1,40732,1
MARICOPA (13),2017-09-05,1,40733,1
MARICOPA (13),2017-10-12,1,40734,1
MARICOPA (13),2017-10-12,1,40735,1
MARICOPA (13),2017-10-28,1,40736,1
MARICOPA (13),2017-09-25,1,40741,2
MARICOPA (13),,1,40745,1
MARICOPA (13),2017-10-01,1,40746,2
MARICOPA (13),2017-10-03,1,40748,1
MARICOPA (13),2017-10-03,1,40749,1
MARICOPA (13),2017-10-04,1,40750,2
MARICOPA (13),2017-10-12,1,40752,2
MARICOPA (13),2017-10-13,1,40753,1
MARICOPA (13),2017-10-14,1,40754,1
MARICOPA (13),2017-10-15,1,40756,1
MARICOPA (13),2017-10-16,1,40757,1
MARICOPA (13),2017-10-21,1,40758,1
MARICOPA (13),2017-10-22,1,40759,2
MARICOPA (13),2017-10-25,1,40760,1
MARICOPA (13),2017-10-27,1,40761,1
MARICOPA (13),2017-10-29,1,40762,1
MARICOPA (13),2017-10-31,1,40763,1
MARICOPA (13),2017-11-04,1,40767,2
MARICOPA (13),2017-11-09,1,40772,1
MARICOPA (13),2017-11-09,1,40773,2
MARICOPA (13),2017-11-11,1,40775,1
MARICOPA (13),2017-11-16,1,40778,1
MARICOPA (13),2017-11-20,1,40783,2
MARICOPA (13),2017-11-20,1,40784,1
MARICOPA (13),2017-11-23,1,40785,1
MARICOPA (13),2017-11-24,1,40789,2
MARICOPA (13),2017-11-26,1,40792,2
MARICOPA (13),2017-11-27,1,40793,1
MARICOPA (13),2017-11-28,1,40794,2
MARICOPA (13),2017-11-28,1,40795,5
MARICOPA (13),2017-11-28,1,40796,1
MARICOPA (13),2017-11-29,1,40799,1
MARICOPA (13),2017-11-11,1,40804,1
MARICOPA (13),2017-12-03,1,40810,1
MARICOPA (13),2017-12-06,1,40813,2
MARICOPA (13),2017-12-07,1,40814,1
MARICOPA (13),2017-12-13,1,40818,2
MARICOPA (13),2017-12-15,1,40823,2
MARICOPA (13),2017-12-17,1,40825,1
MARICOPA (13),2017-12-18,1,40826,2
MARICOPA (13),2017-12-19,1,40828,6
MARICOPA (13),2017-12-22,1,40833,1
MARICOPA (13),2017-12-26,1,40837,2
MARICOPA (13),2017-12-29,1,40841,1
MARICOPA (13),2017-10-31,1,40846,2
MARICOPA (13),2017-11-20,1,40850,2
MARICOPA (13),2017-11-01,1,40851,1
MARICOPA (13),2017-11-02,1,40852,1
MARICOPA (13),2017-11-02,1,40853,2
MARICOPA (13),2017-11-03,2,40854,1
MARICOPA (13),2017-11-04,1,40855,1
MARICOPA (13),2017-11-06,3,40857,2
MARICOPA (13),2017-11-08,1,40858,2
MARICOPA (13),2017-11-10,1,40859,1
MARICOPA (13),2017-11-12,1,40860,2
MARICOPA (13),2017-11-17,1,40862,1
MARICOPA (13),2017-11-18,1,40863,3
MARICOPA (13),2017-11-18,1,40864,1
MARICOPA (13),2017-11-21,1,40865,1
MARICOPA (13),2017-11-22,1,40866,1
MARICOPA (13),2017-11-22,1,40867,1
MARICOPA (13),2017-11-23,1,40868,1
MARICOPA (13),2017-11-24,1,40869,1
MARICOPA (13),2017-11-26,1,40870,1
MARICOPA (13),2017-11-26,1,40871,1
MARICOPA (13),2017-11-29,1,40873,1
MARICOPA (13),2017-11-30,1,40874,1
MARICOPA (13),2017-12-15,1,40876,1
MARICOPA (13),2017-11-24,1,40877,1
MARICOPA (13),,1,40881,1
MARICOPA (13),2017-08-11,1,40885,2
MARICOPA (13),2017-10-17,1,40893,1
MARICOPA (13),2017-10-06,1,40895,3
MARICOPA (13),2017-11-07,1,40902,1
MARICOPA (13),2017-12-02,1,40904,1
MARICOPA (13),2017-12-09,1,40905,1
MARICOPA (13),2017-12-12,1,40906,2
MARICOPA (13),2017-12-21,1,40907,1
MARICOPA (13),2017-12-21,1,40910,1
MARICOPA (13),2017-12-22,1,40911,1
MARICOPA (13),2017-12-29,1,40913,2
MARICOPA (13),2017-12-02,1,40914,1
MARICOPA (13),2017-12-05,1,40915,3
MARICOPA (13),2017-12-09,1,40916,3
MARICOPA (13),2017-12-13,1,40918,2
MARICOPA (13),2017-12-17,1,40921,1
MARICOPA (13),2017-12-28,1,40928,1
MARICOPA (13),2017-12-01,1,40931,1
MARICOPA (13),2017-12-03,1,40932,1
MARICOPA (13),2017-12-04,1,40933,2
MARICOPA (13),2017-12-07,1,40934,1
MARICOPA (13),2017-12-10,1,40935,1
MARICOPA (13),2017-12-16,1,40936,3
MARICOPA (13),2017-12-21,1,40937,1
MARICOPA (13),2017-12-22,1,40938,1
MARICOPA (13),2017-12-28,1,40939,2
MARICOPA (13),2017-12-29,1,40940,1
MARICOPA (13),2017-09-26,1,40942,1
MARICOPA (13),2017-04-18,1,40947,2
MARICOPA (13),2018-01-04,1,40004,2
MARICOPA (13),2018-01-05,1,40008,2
MARICOPA (13),2018-01-06,1,40010,1
MARICOPA (13),2018-01-07,2,40012,1
MARICOPA (13),2018-01-07,1,40013,4
MARICOPA (13),2018-01-13,1,40025,1
MARICOPA (13),2018-01-18,1,40029,1
MARICOPA (13),2018-01-19,1,40031,1
MARICOPA (13),2018-01-19,1,40032,1
MARICOPA (13),2018-01-20,1,40034,1
MARICOPA (13),2018-01-20,1,40036,1
MARICOPA (13),2018-01-23,1,40038,2
MARICOPA (13),2018-01-23,1,40040,1
MARICOPA (13),2018-01-24,1,40041,1
MARICOPA (13),2018-01-24,1,40042,1
MARICOPA (13),2018-01-25,1,40043,3
MARICOPA (13),2018-01-26,1,40045,1
MARICOPA (13),2018-01-26,1,40046,4
MARICOPA (13),2018-01-27,1,40049,2
MARICOPA (13),2018-01-14,1,40054,1
MARICOPA (13),2018-01-02,1,40060,2
MARICOPA (13),2018-01-03,1,40061,1
MARICOPA (13),2018-01-04,1,40062,2
MARICOPA (13),2018-01-10,1,40063,1
MARICOPA (13),2018-01-14,1,40065,1
MARICOPA (13),2018-01-14,2,40066,2
MARICOPA (13),2018-01-16,1,40067,2
MARICOPA (13),2018-01-17,1,40068,1
MARICOPA (13),2018-01-17,1,40069,1
MARICOPA (13),2018-01-18,1,40070,1
MARICOPA (13),2018-01-21,1,40071,1
MARICOPA (13),2018-01-24,1,40072,2
MARICOPA (13),2018-01-24,1,40073,2
MARICOPA (13),2018-01-28,1,40075,2
MARICOPA (13),2018-01-03,2,40078,1
MARICOPA (13),2018-01-06,1,40080,1
MARICOPA (13),2018-01-07,1,40081,1
MARICOPA (13),2018-01-20,1,40086,1
MARICOPA (13),2018-01-23,1,40087,2
MARICOPA (13),2018-01-25,1,40089,2
MARICOPA (13),2018-01-30,1,40091,2
MARICOPA (13),,1,40094,1
MARICOPA (13),2018-02-03,1,40099,2
MARICOPA (13),2018-02-03,1,40100,2
MARICOPA (13),2018-02-04,1,40101,1
MARICOPA (13),2018-02-05,1,40103,1
MARICOPA (13),2018-02-05,1,40105,1
MARICOPA (13),2018-02-06,1,40107,2
MARICOPA (13),2018-02-07,1,40111,2
MARICOPA (13),2018-02-09,1,40114,1
MARICOPA (13),2018-02-15,1,40120,2
MARICOPA (13),2018-02-15,1,40121,3
MARICOPA (13),2018-02-16,1,40123,1
MARICOPA (13),2018-02-17,1,40124,2
MARICOPA (13),2018-02-17,1,40126,3
MARICOPA (13),2018-02-22,1,40131,2
MARICOPA (13),2018-02-08,1,40138,1
MARICOPA (13),2018-02-01,1,40140,1
MARICOPA (13),,1,40144,1
MARICOPA (13),2018-02-24,1,40149,2
MARICOPA (13),2018-02-18,1,40153,2
MARICOPA (13),2018-02-03,1,40154,1
MARICOPA (13),2018-02-07,3,40155,4
MARICOPA (13),2018-02-07,1,40156,1
MARICOPA (13),2018-02-12,1,40157,2
MARICOPA (13),2018-02-15,1,40158,1
MARICOPA (13),,1,40159,1
MARICOPA (13),2018-02-26,1,40160,1
MARICOPA (13),2018-02-19,1,40161,2
MARICOPA (13),2018-02-24,1,40162,1
MARICOPA (13),2018-01-27,1,40163,2
MARICOPA (13),2018-03-02,1,40169,2
MARICOPA (13),2018-03-04,1,40174,1
MARICOPA (13),2018-03-05,1,40176,2
MARICOPA (13),2018-03-06,1,40177,1
MARICOPA (13),2018-03-06,1,40178,1
MARICOPA (13),2018-03-06,1,40179,2
MARICOPA (13),2018-03-10,1,40180,1
MARICOPA (13),2018-03-12,1,40184,1
MARICOPA (13),2018-03-12,1,40185,1
MARICOPA (13),2018-03-18,1,40190,1
MARICOPA (13),2018-03-18,1,40191,1
MARICOPA (13),2018-03-19,1,40193,1
MARICOPA (13),2018-03-25,1,40198,2
MARICOPA (13),2018-03-27,1,40201,1
MARICOPA (13),2018-03-27,1,40202,3
MARICOPA (13),2018-03-29,1,40204,1
MARICOPA (13),2018-03-29,1,40205,1
MARICOPA (13),2018-03-30,1,40207,2
MARICOPA (13),2018-03-30,1,40208,1
MARICOPA (13),2018-03-31,1,40211,1
MARICOPA (13),2018-03-09,1,40212,1
MARICOPA (13),2018-03-09,1,40213,1
MARICOPA (13),2018-03-18,1,40217,1
MARICOPA (13),2018-03-01,1,40218,1
MARICOPA (13),2018-03-17,1,40219,2
MARICOPA (13),2018-03-12,1,40220,1
MARICOPA (13),2018-03-17,1,40221,2
MARICOPA (13),2018-02-03,1,40223,1
MARICOPA (13),2018-02-08,1,40225,2
MARICOPA (13),2018-02-15,1,40227,1
MARICOPA (13),2018-03-01,1,40228,2
MARICOPA (13),2018-03-02,1,40229,3
MARICOPA (13),2018-03-05,1,40233,2
MARICOPA (13),2018-03-05,1,40234,1
MARICOPA (13),2018-03-06,1,40235,1
MARICOPA (13),2018-03-09,1,40236,1
MARICOPA (13),2018-03-10,1,40239,2
MARICOPA (13),2018-03-11,2,40240,2
MARICOPA (13),2018-03-11,1,40241,1
MARICOPA (13),2018-03-13,3,40243,1
MARICOPA (13),2018-03-16,1,40244,1
MARICOPA (13),2018-03-18,1,40245,1
MARICOPA (13),2018-03-21,1,40248,2
MARICOPA (13),2018-03-28,1,40252,1
MARICOPA (13),2018-03-29,1,40253,1
MARICOPA (13),2018-03-30,1,40254,1
MARICOPA (13),2018-03-31,1,40255,2
MARICOPA (13),2018-03-11,1,40256,2
MARICOPA (13),2018-04-02,1,40258,1
MARICOPA (13),2018-04-06,1,40264,1
MARICOPA (13),2018-04-07,1,40267,1
MARICOPA (13),2018-04-11,1,40272,2
MARICOPA (13),2018-04-11,1,40273,1
MARICOPA (13),2018-04-17,1,40278,3
MARICOPA (13),2018-04-17,1,40279,1
MARICOPA (13),2018-04-19,1,40281,1
MARICOPA (13),2018-04-20,1,40282,3
MARICOPA (13),2018-04-21,1,40284,1
MARICOPA (13),2018-04-26,1,40291,1
MARICOPA (13),2018-04-27,1,40294,3
MARICOPA (13),2018-04-28,1,40295,1
MARICOPA (13),2018-04-29,1,40298,1
MARICOPA (13),2018-04-28,1,40299,3
MARICOPA (13),2018-04-15,1,40301,1
MARICOPA (13),2018-04-21,1,40333,3
MARICOPA (13),2018-04-24,1,40334,1
MARICOPA (13),2018-04-26,1,40335,1
MARICOPA (13),2018-04-27,1,40337,1
MARICOPA (13),2018-04-28,1,40338,2
MARICOPA (13),2018-04-29,2,40340,1
MARICOPA (13),2018-04-30,1,40341,1
MARICOPA (13),2018-05-02,1,40343,2
MARICOPA (13),2018-05-03,2,40344,1
MARICOPA (13),2018-05-03,1,40345,1
MARICOPA (13),2018-05-04,1,40346,2
MARICOPA (13),2018-05-06,1,40349,1
MARICOPA (13),2018-05-08,1,40354,2
MARICOPA (13),2018-05-09,1,40355,1
MARICOPA (13),2018-05-15,1,40363,1
MARICOPA (13),2018-05-16,1,40365,2
MARICOPA (13),2018-05-18,1,40368,1
MARICOPA (13),2018-05-20,1,40370,1
MARICOPA (13),2018-05-23,1,40372,6
MARICOPA (13),2018-05-23,2,40373,4
MARICOPA (13),2018-05-24,1,40375,1
MARICOPA (13),2018-05-25,1,40376,3
MARICOPA (13),2018-05-31,1,40383,2
MARICOPA (13),2018-05-18,1,40393,2
MARICOPA (13),2018-04-13,1,40395,2
MARICOPA (13),2018-05-20,1,40396,1
MARICOPA (13),2018-05-01,1,40399,1
MARICOPA (13),2018-05-12,1,40401,1
MARICOPA (13),2018-05-13,1,40402,1
MARICOPA (13),2018-05-13,1,40403,2
MARICOPA (13),2018-05-15,1,40404,1
MARICOPA (13),2018-05-16,1,40405,1
MARICOPA (13),2018-05-23,1,40408,1
MARICOPA (13),2018-05-24,1,40409,1
MARICOPA (13),2018-05-25,1,40411,1
MARICOPA (13),2018-05-29,1,40412,2
MARICOPA (13),2018-05-30,1,40413,1
MARICOPA (13),2018-06-01,1,40414,1
MARICOPA (13),2018-06-02,1,40416,2
MARICOPA (13),2018-06-04,1,40419,2
MARICOPA (13),2018-06-08,1,40423,2
MARICOPA (13),2018-06-09,1,40424,1
MARICOPA (13),2018-06-09,1,40425,1
MARICOPA (13),2018-06-09,1,40426,1
MARICOPA (13),2018-06-10,1,40428,2
MARICOPA (13),2018-06-10,1,40429,2
MARICOPA (13),2018-06-10,1,40430,1
MARICOPA (13),2018-06-12,1,40433,1
MARICOPA (13),2018-06-14,1,40437,1
MARICOPA (13),2018-06-14,1,40438,1
MARICOPA (13),2018-06-18,1,40442,5
MARICOPA (13),2018-06-21,1,40444,1
MARICOPA (13),2018-06-24,1,40446,3
MARICOPA (13),2018-06-25,1,40447,2
MARICOPA (13),2018-06-26,1,40448,1
MARICOPA (13),2018-06-02,1,40452,1
MARICOPA (13),2018-06-18,1,40453,1
MARICOPA (13),2018-06-26,1,40454,2
MARICOPA (13),2018-06-27,1,40455,1
MARICOPA (13),2018-04-04,1,40459,2
MARICOPA (13),2018-04-25,1,40460,1
MARICOPA (13),2018-04-26,1,40461,2
MARICOPA (13),2018-05-26,1,40463,3
MARICOPA (13),2018-06-01,1,40464,1
MARICOPA (13),2018-06-23,1,40467,2
MARICOPA (13),,1,40470,1
MARICOPA (13),2018-05-05,1,40471,1
MARICOPA (13),2018-05-31,1,40477,1
MARICOPA (13),2018-06-04,1,40480,1
MARICOPA (13),2018-06-09,1,40481,2
MARICOPA (13),2018-06-11,1,40482,3
MARICOPA (13),2018-06-11,1,40483,2
MARICOPA (13),2018-06-13,1,40484,1
MARICOPA (13),2018-06-14,1,40485,1
MARICOPA (13),2018-06-15,1,40486,2
MARICOPA (13),2018-06-17,1,40487,4
MARICOPA (13),2018-06-18,1,40488,2
MARICOPA (13),2018-06-21,1,40489,2
MARICOPA (13),2018-06-23,1,40490,1
MARICOPA (13),2018-06-26,1,40493,1
MARICOPA (13),2018-06-26,1,40494,2
MARICOPA (13),2018-06-29,1,40496,1
MARICOPA (13),2018-06-29,1,40497,1
MARICOPA (13),2018-07-03,1,40498,3
MARICOPA (13),2018-07-07,1,40505,2
MARICOPA (13),2018-07-08,1,40507,2
MARICOPA (13),2018-07-10,1,40508,2
MARICOPA (13),2018-07-10,1,40510,1
MARICOPA (13),2018-07-11,1,40512,1
MARICOPA (13),2018-07-14,1,40514,1
MARICOPA (13),2018-07-15,1,40517,1
MARICOPA (13),2018-07-19,1,40525,2
MARICOPA (13),2018-07-19,1,40526,2
MARICOPA (13),2018-07-25,1,40528,2
MARICOPA (13),2018-07-26,1,40530,2
MARICOPA (13),2018-07-26,1,40531,1
MARICOPA (13),2018-07-29,1,40536,2
MARICOPA (13),2018-07-30,1,40538,2
MARICOPA (13),2018-07-31,1,40539,1
MARICOPA (13),2018-07-22,1,40545,1
MARICOPA (13),2018-07-30,1,40547,3
MARICOPA (13),2018-07-13,1,40550,2
MARICOPA (13),2018-07-15,1,40557,1
MARICOPA (13),2018-07-15,1,40558,3
MARICOPA (13),2018-07-01,1,40559,1
MARICOPA (13),2018-07-04,1,40560,1
MARICOPA (13),2018-07-06,1,40561,1
MARICOPA (13),2018-07-07,1,40562,2
MARICOPA (13),2018-07-11,1,40563,3
MARICOPA (13),2018-07-13,1,40564,4
MARICOPA (13),2018-07-16,1,40565,1
MARICOPA (13),2018-07-16,1,40566,1
MARICOPA (13),2018-07-17,1,40568,1
MARICOPA (13),2018-07-18,1,40569,1
MARICOPA (13),2018-07-19,1,40570,1
MARICOPA (13),2018-07-20,1,40571,1
MARICOPA (13),2018-07-21,1,40572,1
MARICOPA (13),2018-07-23,1,40574,1
MARICOPA (13),2018-07-29,1,40576,2
MARICOPA (13),2018-08-01,1,40577,1
MARICOPA (13),2018-08-03,1,40579,1
MARICOPA (13),2018-08-10,1,40585,2
MARICOPA (13),2018-08-10,1,40586,1
MARICOPA (13),2018-08-11,1,40587,1
MARICOPA (13),2018-08-18,1,40591,1
MARICOPA (13),2018-08-19,2,40593,5
MARICOPA (13),2018-08-25,1,40596,3
MARICOPA (13),2018-08-25,1,40597,1
MARICOPA (13),2018-08-19,3,40605,2
MARICOPA (13),2018-07-22,1,40607,1
MARICOPA (13),2018-08-01,1,40609,1
MARICOPA (13),2018-08-02,1,40610,2
MARICOPA (13),2018-08-03,1,40611,2
MARICOPA (13),2018-08-12,1,40612,1
MARICOPA (13),2018-08-17,1,40614,1
MARICOPA (13),2018-08-20,1,40617,3
MARICOPA (13),2018-08-20,1,40618,1
MARICOPA (13),2018-08-22,1,40619,2
MARICOPA (13),2018-08-22,1,40621,1
MARICOPA (13),2018-08-27,1,40624,2
MARICOPA (13),2018-08-31,1,40626,1
MARICOPA (13),2018-09-01,2,40628,1
MARICOPA (13),2018-09-01,1,40629,1
MARICOPA (13),2018-09-02,1,40630,2
MARICOPA (13),2018-09-03,1,40631,1
MARICOPA (13),2018-09-04,1,40632,2
MARICOPA (13),2018-09-08,1,40638,1
MARICOPA (13),2018-09-08,1,40639,1
MARICOPA (13),2018-09-08,1,40640,2
MARICOPA (13),2018-09-12,1,40642,1
MARICOPA (13),2018-09-12,1,40644,1
MARICOPA (13),2018-09-12,1,40645,3
MARICOPA (13),2018-09-13,1,40646,1
MARICOPA (13),2018-09-13,1,40647,1
MARICOPA (13),2018-09-13,1,40648,1
MARICOPA (13),2018-09-14,1,40652,1
MARICOPA (13),2018-09-16,1,40657,2
MARICOPA (13),2018-09-19,1,40660,2
MARICOPA (13),2018-09-20,1,40663,1
MARICOPA (13),2018-09-21,1,40665,3
MARICOPA (13),2018-09-22,1,40666,1
MARICOPA (13),2018-09-22,1,40670,1
MARICOPA (13),2018-09-23,1,40672,1
MARICOPA (13),2018-09-25,1,40675,2
MARICOPA (13),2018-09-25,1,40679,1
MARICOPA (13),2018-09-26,1,40682,2
MARICOPA (13),2018-09-27,1,40683,1
MARICOPA (13),2018-09-27,1,40684,4
MARICOPA (13),2018-09-27,1,40685,1
MARICOPA (13),2018-09-28,1,40686,2
MARICOPA (13),2018-09-30,1,40691,3
MARICOPA (13),2018-09-04,1,40693,2
MARICOPA (13),2018-09-10,1,40695,1
MARICOPA (13),2018-09-12,1,40697,1
MARICOPA (13),2018-09-13,1,40698,2
MARICOPA (13),2018-09-18,1,40699,3
MARICOPA (13),2018-09-20,1,40701,1
MARICOPA (13),2018-09-21,2,40702,1
MARICOPA (13),2018-09-22,1,40703,1
MARICOPA (13),2018-09-01,1,40706,1
MARICOPA (13),2018-10-03,1,40708,1
MARICOPA (13),2018-10-03,1,40709,2
MARICOPA (13),2018-10-04,1,40713,1
MARICOPA (13),2018-10-04,1,40715,1
MARICOPA (13),2018-10-05,2,40716,2
MARICOPA (13),2018-10-08,1,40719,2
MARICOPA (13),2018-10-09,1,40720,3
MARICOPA (13),2018-10-09,1,40723,1
MARICOPA (13),2018-10-09,1,40724,1
MARICOPA (13),2018-10-09,1,40725,1
MARICOPA (13),2018-10-09,1,40726,1
MARICOPA (13),2018-10-10,1,40727,1
MARICOPA (13),2018-10-11,1,40729,1
MARICOPA (13),2018-10-12,1,40731,2
MARICOPA (13),2018-10-13,1,40732,2
MARICOPA (13),2018-10-13,1,40733,2
MARICOPA (13),2018-10-15,1,40738,1
MARICOPA (13),2018-10-16,1,40739,2
MARICOPA (13),2018-10-16,1,40740,6
MARICOPA (13),2018-10-17,1,40741,1
MARICOPA (13),2018-10-18,1,40743,1
MARICOPA (13),2018-10-19,1,40744,2
MARICOPA (13),2018-10-19,1,40746,2
MARICOPA (13),2018-10-21,1,40751,1
MARICOPA (13),2018-10-22,1,40752,1
MARICOPA (13),2018-10-22,1,40753,2
MARICOPA (13),2018-10-25,1,40756,3
MARICOPA (13),2018-10-26,1,40758,2
MARICOPA (13),2018-10-26,1,40759,1
MARICOPA (13),2018-10-26,1,40760,1
MARICOPA (13),2018-10-27,1,40761,1
MARICOPA (13),2018-10-31,1,40765,1
MARICOPA (13),2018-10-09,1,40769,2
MARICOPA (13),,1,40770,2
MARICOPA (13),2018-10-15,1,40771,1
MARICOPA (13),2018-10-17,1,40772,1
MARICOPA (13),2018-10-17,1,40773,1
MARICOPA (13),2018-10-18,4,40774,1
MARICOPA (13),2018-10-18,1,40775,3
MARICOPA (13),2018-10-18,1,40776,2
MARICOPA (13),2018-10-20,1,40777,1
MARICOPA (13),2018-10-25,1,40780,2
MARICOPA (13),2018-10-26,1,40781,2
MARICOPA (13),2018-10-27,1,40782,1
MARICOPA (13),2018-10-29,1,40783,2
MARICOPA (13),2018-10-31,1,40784,1
MARICOPA (13),2018-11-01,1,40785,1
MARICOPA (13),2018-11-05,1,40789,2
MARICOPA (13),2018-11-07,1,40792,2
MARICOPA (13),2018-11-08,1,40794,1
MARICOPA (13),2018-11-08,1,40795,2
MARICOPA (13),2018-11-09,1,40797,1
MARICOPA (13),2018-11-10,1,40799,1
MARICOPA (13),2018-11-11,1,40801,1
MARICOPA (13),2018-11-13,1,40805,1
MARICOPA (13),2018-11-14,1,40806,2
MARICOPA (13),2018-11-17,1,40810,1
MARICOPA (13),2018-11-18,1,40811,3
MARICOPA (13),2018-11-19,1,40813,1
MARICOPA (13),2018-11-20,1,40814,3
MARICOPA (13),2018-11-24,1,40817,1
MARICOPA (13),2018-11-29,1,40822,1
MARICOPA (13),2018-11-03,1,40829,1
MARICOPA (13),,1,40830,2
MARICOPA (13),2018-11-05,1,40831,1
MARICOPA (13),2018-11-05,1,40832,3
MARICOPA (13),2018-11-06,1,40833,2
MARICOPA (13),2018-11-06,1,40834,2
MARICOPA (13),2018-11-08,1,40835,1
MARICOPA (13),2018-11-15,1,40836,1
MARICOPA (13),,1,40837,1
MARICOPA (13),2018-11-16,1,40838,2
MARICOPA (13),2018-11-16,1,40839,1
MARICOPA (13),2018-11-22,1,40843,2
MARICOPA (13),2018-11-27,1,40845,1
MARICOPA (13),2018-11-30,1,40846,1
MARICOPA (13),2018-12-05,1,40851,2
MARICOPA (13),2018-12-06,1,40852,1
MARICOPA (13),2018-12-07,1,40854,2
MARICOPA (13),2018-12-08,1,40855,2
MARICOPA (13),2018-12-08,1,40856,2
MARICOPA (13),2018-12-10,1,40859,1
MARICOPA (13),2018-12-10,2,40862,4
MARICOPA (13),2018-12-10,1,40863,1
MARICOPA (13),2018-12-12,1,40864,1
MARICOPA (13),2018-12-14,1,40867,2
MARICOPA (13),2018-12-15,1,40870,1
MARICOPA (13),2018-12-16,1,40871,2
MARICOPA (13),2018-12-17,1,40872,2
MARICOPA (13),2018-12-20,1,40877,2
MARICOPA (13),2018-12-20,1,40878,2
MARICOPA (13),2018-12-21,1,40879,2
MARICOPA (13),2018-12-22,1,40881,3
MARICOPA (13),2018-12-23,1,40882,1
MARICOPA (13),2018-12-26,1,40887,1
MARICOPA (13),2018-12-27,1,40889,2
MARICOPA (13),2018-12-29,1,40891,5
MARICOPA (13),2018-12-30,1,40894,1
MARICOPA (13),2018-12-01,1,40896,2
MARICOPA (13),2018-12-01,1,40897,1
MARICOPA (13),2018-12-02,1,40898,1
MARICOPA (13),2018-12-02,1,40899,1
MARICOPA (13),2018-12-07,1,40901,1
MARICOPA (13),2018-12-08,1,40902,2
MARICOPA (13),2018-12-08,1,40903,2
MARICOPA (13),2018-12-10,1,40905,2
MARICOPA (13),,1,40907,2
MARICOPA (13),2018-12-12,1,40908,1
MARICOPA (13),2018-12-15,1,40909,1
MARICOPA (13),,1,40911,1
MARICOPA (13),,1,40913,1
MARICOPA (13),,1,40915,1
MARICOPA (13),2018-12-22,1,40917,1
MARICOPA (13),2018-12-22,1,40918,4
MARICOPA (13),2018-12-23,1,40919,2
MARICOPA (13),2018-12-26,1,40920,1
MARICOPA (13),2018-12-27,1,40921,1
MARICOPA (13),2018-12-27,1,40922,1
MARICOPA (13),,1,40923,1
MARICOPA (13),2018-12-29,1,40924,2
MARICOPA (13),2018-12-31,1,40925,1
MARICOPA (13),2018-08-04,1,40926,2
MARICOPA (13),2018-08-16,1,40928,2
MARICOPA (13),2018-08-19,2,40929,1
MARICOPA (13),2018-08-20,1,40931,1
MARICOPA (13),2018-08-26,1,40933,1
MARICOPA (13),2018-08-29,3,40934,5
MARICOPA (13),2018-12-14,1,40936,2
MARICOPA (13),2018-09-23,1,40939,1
MARICOPA (13),2018-11-21,1,40940,1
MARICOPA (13),2018-08-30,1,40941,1
MARICOPA (13),,1,40942,1
MARICOPA (13),2018-04-29,1,40303,3
MARICOPA (13),2018-04-11,1,40304,1
MARICOPA (13),2018-04-27,1,40306,2
MARICOPA (13),2018-04-28,1,40307,1
MARICOPA (13),2018-04-15,1,40310,1
MARICOPA (13),2018-04-03,1,40311,1
MARICOPA (13),2018-03-02,1,40315,2
MARICOPA (13),2018-04-29,1,40317,1
MARICOPA (13),2018-04-03,1,40320,2
MARICOPA (13),2018-04-05,1,40321,1
MARICOPA (13),2018-04-06,1,40322,1
MARICOPA (13),2018-04-07,1,40323,2
MARICOPA (13),2018-04-07,1,40324,1
MARICOPA (13),2018-04-08,1,40325,1
MARICOPA (13),2018-04-11,1,40328,2
MARICOPA (13),2018-04-12,1,40329,1
MARICOPA (13),2018-04-13,1,40330,3
MARICOPA (13),2018-04-15,1,40331,1
MARICOPA (13),2018-04-20,1,40332,2
