Date,MaxTemp,MinTemp,Precipitation
2014-01-01,33,24,0.0
2014-01-02,33,18,0.33
2014-01-03,18,9,0.29
2014-01-04,29,8,0.0
2014-01-05,40,27,0.14
2014-01-06,55,19,0.36
2014-01-07,19,4,0.0
2014-01-08,22,9,0.0
2014-01-09,32,22,0.0
2014-01-10,37,30,0.11
2014-01-11,58,37,0.5
2014-01-12,54,38,0.05
2014-01-13,51,37,0.0
2014-01-14,52,44,0.38
2014-01-15,47,39,0.0
2014-01-16,42,36,0.0
2014-01-17,44,33,0.0
2014-01-18,41,29,0.07
2014-01-19,38,24,0.0
2014-01-20,46,31,0.0
2014-01-21,31,11,0.46
2014-01-22,17,5,0.02
2014-01-23,20,7,0.0
2014-01-24,20,10,0.0
2014-01-25,28,19,0.04
2014-01-26,34,17,0.0
2014-01-27,44,21,0.0
2014-01-28,21,12,0.0
2014-01-29,23,14,0.04
2014-01-30,30,16,0.0
2014-01-31,39,25,0.0
2014-02-01,45,36,0.0
2014-02-02,56,39,0.001
2014-02-03,43,27,1.17
2014-02-04,35,22,0.0
2014-02-05,34,29,1.43
2014-02-06,32,21,0.0
2014-02-07,32,24,0.0
2014-02-08,29,21,0.0
2014-02-09,31,21,0.1
2014-02-10,29,21,0.0
2014-02-11,26,16,0.0
2014-02-12,25,13,0.0
2014-02-13,36,24,1.78
2014-02-14,40,31,0.3
2014-02-15,37,27,0.13
2014-02-16,30,21,0.0
2014-02-17,32,18,0.0
2014-02-18,39,26,0.16
2014-02-19,45,34,0.26
2014-02-20,51,37,0.03
2014-02-21,49,36,0.09
2014-02-22,54,40,0.0
2014-02-23,54,43,0.001
2014-02-24,44,27,0.0
2014-02-25,33,24,0.0
2014-02-26,31,20,0.03
2014-02-27,34,14,0.0
2014-02-28,24,9,0.0
2014-03-01,37,20,0.0
2014-03-02,40,32,0.001
2014-03-03,32,17,0.04
2014-03-04,29,13,0.0
2014-03-05,39,26,0.0
2014-03-06,31,16,0.0
2014-03-07,37,26,0.0
2014-03-08,57,35,0.0
2014-03-09,44,36,0.0
2014-03-10,51,36,0.001
2014-03-11,66,45,0.0
2014-03-12,56,32,0.35
2014-03-13,32,18,0.0
2014-03-14,46,22,0.0
2014-03-15,58,42,0.0
2014-03-16,42,30,0.0
2014-03-17,35,23,0.0
2014-03-18,43,28,0.0
2014-03-19,46,32,0.92
2014-03-20,54,40,0.0
2014-03-21,51,39,0.0
2014-03-22,63,41,0.0
2014-03-23,42,27,0.0
2014-03-24,35,21,0.0
2014-03-25,39,26,0.0
2014-03-26,36,24,0.0
2014-03-27,44,22,0.0
2014-03-28,62,37,0.04
2014-03-29,59,43,1.81
2014-03-30,49,39,0.35
2014-03-31,56,36,0.16
2014-04-01,60,39,0.0
2014-04-02,54,42,0.0
2014-04-03,67,46,0.07
2014-04-04,47,40,0.21
2014-04-05,54,40,0.0
2014-04-06,61,36,0.0
2014-04-07,53,43,0.52
2014-04-08,64,46,0.34
2014-04-09,61,45,0.0
2014-04-10,58,42,0.0
2014-04-11,75,56,0.0
2014-04-12,73,50,0.0
2014-04-13,77,54,0.0
2014-04-14,75,59,0.0
2014-04-15,63,33,0.71
2014-04-16,49,31,0.05
2014-04-17,48,36,0.0
2014-04-18,49,35,0.0
2014-04-19,68,41,0.0
2014-04-20,60,45,0.0
2014-04-21,67,41,0.0
2014-04-22,71,51,0.01
2014-04-23,61,44,0.0
2014-04-24,62,42,0.0
2014-04-25,63,44,0.02
2014-04-26,67,46,0.92
2014-04-27,59,47,0.0
2014-04-28,67,45,0.0
2014-04-29,52,43,0.03
2014-04-30,52,41,4.97
2014-05-01,78,51,0.12
2014-05-02,70,56,0.001
2014-05-03,71,54,0.08
2014-05-04,65,54,0.02
2014-05-05,70,50,0.0
2014-05-06,71,52,0.0
2014-05-07,69,50,0.0
2014-05-08,59,53,0.41
2014-05-09,63,55,0.04
2014-05-10,83,57,0.37
2014-05-11,82,60,0.03
2014-05-12,85,64,0.0
2014-05-13,73,53,0.0
2014-05-14,71,52,0.01
2014-05-15,71,58,0.15
2014-05-16,68,58,1.54
2014-05-17,70,53,0.0
2014-05-18,67,51,0.0
2014-05-19,72,49,0.0
2014-05-20,78,53,0.0
2014-05-21,74,63,0.0
2014-05-22,67,59,0.24
2014-05-23,71,56,0.91
2014-05-24,70,57,0.4
2014-05-25,80,55,0.0
2014-05-26,86,66,0.0
2014-05-27,86,64,0.001
2014-05-28,64,54,0.0
2014-05-29,66,51,0.0
2014-05-30,75,55,0.001
2014-05-31,73,57,0.05
2014-06-01,77,55,0.0
2014-06-02,80,59,0.0
2014-06-03,87,65,0.12
2014-06-04,82,63,0.0
2014-06-05,76,61,0.87
2014-06-06,76,61,0.0
2014-06-07,82,60,0.0
2014-06-08,86,66,0.0
2014-06-09,73,63,1.6
2014-06-10,77,65,0.0
2014-06-11,70,61,0.02
2014-06-12,73,60,0.07
2014-06-13,79,65,1.28
2014-06-14,74,60,0.0
2014-06-15,80,59,0.0
2014-06-16,81,63,0.0
2014-06-17,89,71,0.0
2014-06-18,89,76,0.0
2014-06-19,77,68,0.15
2014-06-20,79,64,0.0
2014-06-21,78,62,0.0
2014-06-22,79,64,0.0
2014-06-23,81,65,0.0
2014-06-24,81,68,0.0
2014-06-25,85,70,0.08
2014-06-26,85,70,0.07
2014-06-27,83,67,0.0
2014-06-28,87,66,0.0
2014-06-29,83,68,0.0
2014-06-30,84,69,0.0
2014-07-01,89,72,0.0
2014-07-02,91,72,0.96
2014-07-03,87,69,1.78
2014-07-04,74,65,0.14
2014-07-05,81,63,0.0
2014-07-06,84,66,0.0
2014-07-07,90,72,0.04
2014-07-08,91,71,0.39
2014-07-09,88,71,0.09
2014-07-10,83,72,0.0
2014-07-11,86,71,0.0
2014-07-12,85,71,0.0
2014-07-13,83,72,0.03
2014-07-14,84,72,0.46
2014-07-15,86,72,1.3
2014-07-16,81,68,0.001
2014-07-17,81,67,0.0
2014-07-18,81,64,0.0
2014-07-19,76,68,0.0
2014-07-20,80,66,0.0
2014-07-21,85,67,0.0
2014-07-22,86,71,0.0
2014-07-23,88,72,0.19
2014-07-24,80,70,0.0
2014-07-25,82,66,0.0
2014-07-26,81,69,0.0
2014-07-27,85,71,0.02
2014-07-28,82,68,0.19
2014-07-29,76,64,0.0
2014-07-30,80,63,0.0
2014-07-31,82,68,0.0
2014-08-01,84,71,0.0
2014-08-02,74,63,0.41
2014-08-03,76,66,0.07
2014-08-04,84,70,0.0
2014-08-05,90,71,0.0
2014-08-06,83,70,0.0
2014-08-07,83,66,0.0
2014-08-08,83,65,0.0
2014-08-09,87,66,0.0
2014-08-10,88,68,0.0
2014-08-11,87,71,0.0
2014-08-12,79,70,0.19
2014-08-13,82,68,0.53
2014-08-14,77,63,0.0
2014-08-15,73,61,0.0
2014-08-16,78,63,0.0
2014-08-17,82,66,0.01
2014-08-18,81,63,0.0
2014-08-19,83,63,0.0
2014-08-20,84,70,0.0
2014-08-21,83,65,0.35
2014-08-22,79,65,0.06
2014-08-23,77,67,0.01
2014-08-24,80,64,0.0
2014-08-25,88,64,0.0
2014-08-26,89,70,0.0
2014-08-27,90,70,0.0
2014-08-28,82,66,0.0
2014-08-29,80,61,0.0
2014-08-30,80,65,0.0
2014-08-31,90,73,0.62
2014-09-01,88,75,0.0
2014-09-02,92,77,0.0
2014-09-03,86,72,0.0
2014-09-04,87,69,0.0
2014-09-05,87,72,0.0
2014-09-06,91,67,0.11
2014-09-07,81,65,0.0
2014-09-08,75,65,0.0
2014-09-09,73,63,0.0
2014-09-10,80,63,0.0
2014-09-11,83,69,0.0
2014-09-12,78,62,0.0
2014-09-13,69,58,0.26
2014-09-14,71,53,0.0
2014-09-15,71,55,0.0
2014-09-16,70,58,0.37
2014-09-17,73,55,0.0
2014-09-18,76,57,0.0
2014-09-19,66,54,0.0
2014-09-20,75,57,0.0
2014-09-21,75,67,0.15
2014-09-22,71,55,0.001
2014-09-23,71,52,0.0
2014-09-24,71,58,0.0
2014-09-25,64,57,0.32
2014-09-26,77,58,0.0
2014-09-27,83,60,0.0
2014-09-28,84,64,0.0
2014-09-29,79,67,0.0
2014-09-30,71,62,0.001
2014-10-01,65,61,0.02
2014-10-02,70,61,0.0
2014-10-03,71,56,0.0
2014-10-04,69,52,1.18
2014-10-05,61,46,0.0
2014-10-06,69,50,0.0
2014-10-07,71,63,0.06
2014-10-08,73,62,0.04
2014-10-09,68,55,0.0
2014-10-10,64,52,0.001
2014-10-11,60,50,0.33
2014-10-12,63,48,0.0
2014-10-13,65,52,0.05
2014-10-14,76,63,0.0
2014-10-15,77,69,0.69
2014-10-16,71,61,1.11
2014-10-17,71,59,0.0
2014-10-18,70,56,0.0
2014-10-19,56,44,0.0
2014-10-20,60,42,0.0
2014-10-21,67,55,0.11
2014-10-22,58,50,1.51
2014-10-23,53,50,0.61
2014-10-24,63,51,0.0
2014-10-25,67,50,0.01
2014-10-26,63,53,0.001
2014-10-27,63,48,0.0
2014-10-28,72,53,0.0
2014-10-29,72,51,0.001
2014-10-30,59,47,0.0
2014-10-31,55,45,0.05
2014-11-01,47,42,0.35
2014-11-02,48,41,0.0
2014-11-03,61,39,0.0
2014-11-04,68,53,0.0
2014-11-05,64,56,0.0
2014-11-06,57,48,0.37
2014-11-07,53,40,0.0
2014-11-08,48,36,0.0
2014-11-09,57,46,0.0
2014-11-10,61,44,0.0
2014-11-11,64,49,0.0
2014-11-12,65,47,0.0
2014-11-13,48,36,0.2
2014-11-14,42,35,0.06
2014-11-15,42,33,0.0
2014-11-16,45,35,0.03
2014-11-17,52,40,1.54
2014-11-18,45,24,0.0
2014-11-19,36,22,0.0
2014-11-20,45,31,0.0
2014-11-21,37,28,0.0
2014-11-22,44,28,0.0
2014-11-23,57,43,0.0
2014-11-24,69,53,0.7
2014-11-25,68,51,0.0
2014-11-26,51,34,1.24
2014-11-27,38,34,0.02
2014-11-28,37,29,0.0
2014-11-29,45,27,0.0
2014-11-30,55,45,0.0
2014-12-01,65,42,0.09
2014-12-02,43,35,0.08
2014-12-03,46,41,0.06
2014-12-04,45,37,0.0
2014-12-05,44,34,0.51
2014-12-06,50,39,1.22
2014-12-07,42,30,0.04
2014-12-08,37,24,0.0
2014-12-09,42,36,2.54
2014-12-10,40,32,0.08
2014-12-11,38,31,0.01
2014-12-12,38,32,0.0
2014-12-13,44,34,0.0
2014-12-14,46,38,0.0
2014-12-15,48,37,0.0
2014-12-16,49,38,0.2
2014-12-17,54,42,0.02
2014-12-18,42,37,0.0
2014-12-19,38,31,0.0
2014-12-20,33,30,0.0
2014-12-21,36,31,0.001
2014-12-22,44,35,0.04
2014-12-23,46,43,0.16
2014-12-24,58,44,0.8
2014-12-25,62,44,0.09
2014-12-26,50,40,0.0
2014-12-27,55,44,0.0
2014-12-28,54,43,0.1
2014-12-29,44,34,0.0
2014-12-30,34,28,0.0
2014-12-31,32,27,0.0
2015-01-01,39,27,0.0
2015-01-02,42,35,0.0
2015-01-03,42,33,0.71
2015-01-04,56,41,0.3
2015-01-05,49,21,0.0
2015-01-06,22,19,0.05
2015-01-07,23,9,0.0
2015-01-08,21,8,0.0
2015-01-09,33,19,0.07
2015-01-10,23,16,0.0
2015-01-11,37,18,0.0
2015-01-12,39,35,0.36
2015-01-13,36,17,0.0
2015-01-14,32,16,0.0
2015-01-15,35,25,0.0
2015-01-16,43,20,0.0
2015-01-17,32,17,0.0
2015-01-18,42,31,2.1
2015-01-19,42,36,0.0
2015-01-20,40,32,0.0
2015-01-21,36,25,0.0
2015-01-22,40,31,0.0
2015-01-23,39,28,0.0
2015-01-24,39,33,0.72
2015-01-25,42,31,0.0
2015-01-26,31,22,0.48
2015-01-27,30,20,0.36
2015-01-28,34,16,0.0
2015-01-29,36,19,0.02
2015-01-30,38,19,0.06
2015-01-31,26,13,0.0
2015-02-01,36,20,0.03
2015-02-02,34,14,1.02
2015-02-03,26,13,0.0
2015-02-04,43,24,0.0
2015-02-05,42,14,0.0
2015-02-06,27,12,0.0
2015-02-07,40,25,0.02
2015-02-08,37,29,0.0
2015-02-09,29,25,0.09
2015-02-10,40,26,0.01
2015-02-11,34,22,0.0
2015-02-12,40,16,0.001
2015-02-13,21,8,0.0
2015-02-14,32,16,0.02
2015-02-15,25,4,0.001
2015-02-16,21,3,0.0
2015-02-17,27,14,0.14
2015-02-18,33,19,0.001
2015-02-19,27,8,0.0
2015-02-20,19,2,0.0
2015-02-21,32,13,0.61
2015-02-22,43,32,0.1
2015-02-23,38,8,0.0
2015-02-24,24,4,0.0
2015-02-25,37,20,0.0
2015-02-26,32,21,0.0
2015-02-27,30,18,0.0
2015-02-28,29,13,0.0
2015-03-01,31,24,0.52
2015-03-02,39,27,0.0
2015-03-03,37,22,0.67
2015-03-04,45,35,0.25
2015-03-05,40,19,0.76
2015-03-06,27,12,0.0
2015-03-07,38,18,0.0
2015-03-08,49,37,0.0
2015-03-09,54,40,0.01
2015-03-10,53,39,0.46
2015-03-11,59,44,0.01
2015-03-12,47,36,0.0
2015-03-13,43,31,0.0
2015-03-14,51,40,0.81
2015-03-15,44,36,0.0
2015-03-16,52,35,0.0
2015-03-17,57,34,0.02
2015-03-18,39,29,0.0
2015-03-19,43,29,0.0
2015-03-20,38,29,0.4
2015-03-21,47,29,0.001
2015-03-22,43,28,0.0
2015-03-23,38,23,0.0
2015-03-24,45,26,0.0
2015-03-25,49,34,0.05
2015-03-26,62,42,0.32
2015-03-27,46,39,0.27
2015-03-28,40,26,0.001
2015-03-29,46,25,0.0
2015-03-30,54,36,0.001
2015-03-31,47,35,0.17
2015-04-01,51,32,0.0
2015-04-02,67,41,0.0
2015-04-03,64,59,0.04
2015-04-04,60,42,0.01
2015-04-05,61,42,0.0
2015-04-06,63,42,0.0
2015-04-07,62,42,0.15
2015-04-08,45,37,0.0
2015-04-09,43,37,0.0
2015-04-10,56,39,0.17
2015-04-11,57,44,0.0
2015-04-12,66,43,0.0
2015-04-13,68,50,0.0
2015-04-14,65,55,0.01
2015-04-15,72,51,0.0
2015-04-16,64,52,0.0
2015-04-17,71,55,0.08
2015-04-18,80,59,0.0
2015-04-19,64,48,0.0
2015-04-20,57,46,1.37
2015-04-21,65,52,0.2
2015-04-22,69,48,0.05
2015-04-23,52,41,0.0
2015-04-24,52,39,0.0
2015-04-25,62,38,0.0
2015-04-26,64,46,0.0
2015-04-27,62,49,0.0
2015-04-28,71,50,0.0
2015-04-29,78,50,0.0
2015-04-30,67,48,0.0
2015-05-01,63,49,0.0
2015-05-02,74,48,0.0
2015-05-03,80,51,0.0
2015-05-04,85,57,0.0
2015-05-05,85,66,0.0
2015-05-06,73,59,0.001
2015-05-07,80,56,0.0
2015-05-08,82,56,0.0
2015-05-09,70,57,0.0
2015-05-10,83,61,0.0
2015-05-11,84,70,0.001
2015-05-12,86,64,0.0
2015-05-13,70,53,0.0
2015-05-14,73,50,0.0
2015-05-15,75,55,0.0
2015-05-16,75,57,0.3
2015-05-17,83,64,0.02
2015-05-18,75,60,0.0
2015-05-19,80,59,0.001
2015-05-20,67,54,0.0
2015-05-21,62,52,0.0
2015-05-22,74,55,0.0
2015-05-23,70,49,0.0
2015-05-24,81,56,0.0
2015-05-25,85,64,0.0
2015-05-26,88,67,0.0
2015-05-27,85,70,0.08
2015-05-28,85,70,0.0
2015-05-29,85,65,0.0
2015-05-30,85,67,0.0
2015-05-31,87,57,1.46
2015-06-01,58,51,0.72
2015-06-02,55,50,0.37
2015-06-03,70,52,0.0
2015-06-04,65,54,0.0
2015-06-05,70,55,0.13
2015-06-06,76,60,0.19
2015-06-07,74,55,0.0
2015-06-08,79,63,0.06
2015-06-09,83,68,0.01
2015-06-10,82,65,0.0
2015-06-11,89,72,0.0
2015-06-12,88,73,0.0
2015-06-13,86,72,0.0
2015-06-14,88,66,0.36
2015-06-15,83,64,0.57
2015-06-16,79,65,0.27
2015-06-17,82,66,0.001
2015-06-18,71,64,0.0
2015-06-19,87,68,0.0
2015-06-20,75,64,0.001
2015-06-21,88,71,0.64
2015-06-22,87,70,0.0
2015-06-23,90,75,0.02
2015-06-24,84,68,0.0
2015-06-25,83,65,0.0
2015-06-26,81,69,0.0
2015-06-27,71,58,1.12
2015-06-28,73,62,0.29
2015-06-29,76,63,0.0
2015-06-30,82,68,0.04
2015-07-01,82,69,0.39
2015-07-02,80,69,0.0
2015-07-03,82,66,0.0
2015-07-04,75,69,0.001
2015-07-05,83,68,0.0
2015-07-06,83,72,0.0
2015-07-07,88,75,0.12
2015-07-08,88,77,0.001
2015-07-09,79,68,0.3
2015-07-10,84,72,0.0
2015-07-11,88,69,0.0
2015-07-12,89,72,0.0
2015-07-13,88,73,0.0
2015-07-14,82,73,0.42
2015-07-15,81,72,0.12
2015-07-16,80,64,0.0
2015-07-17,81,67,0.0
2015-07-18,85,71,0.32
2015-07-19,93,78,0.0
2015-07-20,94,82,0.0
2015-07-21,89,74,0.001
2015-07-22,85,69,0.0
2015-07-23,86,68,0.0
2015-07-24,87,70,0.0
2015-07-25,88,69,0.0
2015-07-26,90,74,0.001
2015-07-27,86,71,0.36
2015-07-28,95,75,0.0
2015-07-29,96,78,0.0
2015-07-30,87,76,1.95
2015-07-31,89,72,0.0
2015-08-01,89,75,0.0
2015-08-02,89,71,0.0
2015-08-03,90,75,0.0
2015-08-04,89,69,0.43
2015-08-05,87,72,0.0
2015-08-06,83,67,0.0
2015-08-07,84,69,0.0
2015-08-08,82,68,0.0
2015-08-09,85,68,0.0
2015-08-10,84,70,0.0
2015-08-11,81,71,1.17
2015-08-12,85,71,0.0
2015-08-13,83,67,0.0
2015-08-14,88,67,0.0
2015-08-15,92,73,0.0
2015-08-16,93,76,0.0
2015-08-17,95,78,0.0
2015-08-18,90,73,0.29
2015-08-19,87,77,0.0
2015-08-20,86,77,0.01
2015-08-21,87,71,0.32
2015-08-22,86,69,0.0
2015-08-23,85,70,0.0
2015-08-24,87,73,0.0
2015-08-25,90,73,0.0
2015-08-26,85,67,0.0
2015-08-27,82,67,0.0
2015-08-28,82,63,0.0
2015-08-29,87,67,0.0
2015-08-30,90,72,0.13
2015-08-31,91,76,0.0
2015-09-01,90,76,0.0
2015-09-02,91,74,0.0
2015-09-03,93,74,0.0
2015-09-04,85,72,0.0
2015-09-05,83,67,0.0
2015-09-06,87,65,0.0
2015-09-07,92,70,0.0
2015-09-08,97,76,0.0
2015-09-09,90,76,0.001
2015-09-10,79,70,1.58
2015-09-11,81,66,0.0
2015-09-12,79,69,0.29
2015-09-13,80,62,0.04
2015-09-14,77,59,0.0
2015-09-15,84,62,0.0
2015-09-16,88,66,0.0
2015-09-17,89,68,0.0
2015-09-18,87,68,0.0
2015-09-19,83,68,0.0
2015-09-20,79,64,0.0
2015-09-21,73,59,0.0
2015-09-22,71,62,0.0
2015-09-23,80,59,0.0
2015-09-24,82,60,0.0
2015-09-25,76,63,0.0
2015-09-26,72,61,0.0
2015-09-27,71,56,0.0
2015-09-28,78,65,0.0
2015-09-29,83,72,0.11
2015-09-30,79,59,1.26
2015-10-01,64,56,0.09
2015-10-02,57,48,1.08
2015-10-03,55,49,0.35
2015-10-04,63,53,0.0
2015-10-05,67,52,0.0
2015-10-06,73,52,0.0
2015-10-07,73,58,0.0
2015-10-08,72,59,0.0
2015-10-09,78,61,0.89
2015-10-10,65,50,0.0
2015-10-11,69,53,0.0
2015-10-12,77,56,0.0
2015-10-13,72,61,0.01
2015-10-14,69,57,0.0
2015-10-15,64,51,0.0
2015-10-16,64,53,0.0
2015-10-17,56,42,0.0
2015-10-18,50,38,0.0
2015-10-19,53,35,0.0
2015-10-20,70,48,0.0
2015-10-21,76,57,0.0
2015-10-22,75,58,0.0
2015-10-23,65,45,0.0
2015-10-24,57,40,0.0
2015-10-25,68,48,0.05
2015-10-26,58,46,0.0
2015-10-27,59,45,0.0
2015-10-28,69,53,1.4
2015-10-29,73,57,0.04
2015-10-30,61,48,0.0
2015-10-31,56,42,0.0
2015-11-01,65,54,0.0
2015-11-02,63,54,0.0
2015-11-03,72,48,0.0
2015-11-04,70,56,0.0
2015-11-05,71,56,0.01
2015-11-06,74,66,0.0
2015-11-07,72,53,0.0
2015-11-08,56,46,0.0
2015-11-09,59,43,0.0
2015-11-10,57,51,0.26
2015-11-11,58,49,0.43
2015-11-12,61,51,0.01
2015-11-13,58,46,0.0
2015-11-14,49,42,0.0
2015-11-15,58,39,0.0
2015-11-16,67,51,0.0
2015-11-17,52,40,0.0
2015-11-18,58,46,0.0
2015-11-19,64,57,1.25
2015-11-20,64,46,0.0
2015-11-21,53,42,0.0
2015-11-22,55,42,0.03
2015-11-23,44,33,0.0
2015-11-24,46,32,0.0
2015-11-25,50,36,0.0
2015-11-26,60,41,0.0
2015-11-27,64,51,0.0
2015-11-28,64,45,0.02
2015-11-29,49,38,0.0
2015-11-30,47,33,0.0
2015-12-01,51,44,0.33
2015-12-02,57,46,0.14
2015-12-03,55,44,0.001
2015-12-04,51,42,0.0
2015-12-05,51,40,0.0
2015-12-06,53,39,0.0
2015-12-07,54,42,0.0
2015-12-08,49,41,0.0
2015-12-09,55,40,0.0
2015-12-10,60,51,0.001
2015-12-11,61,50,0.0
2015-12-12,66,55,0.001
2015-12-13,67,55,0.0
2015-12-14,67,53,0.33
2015-12-15,68,53,0.09
2015-12-16,53,46,0.04
2015-12-17,59,50,1.21
2015-12-18,57,38,0.001
2015-12-19,40,35,0.0
2015-12-20,43,34,0.0
2015-12-21,56,39,0.0
2015-12-22,62,53,0.19
2015-12-23,64,52,1.55
2015-12-24,72,63,0.01
2015-12-25,66,57,0.01
2015-12-26,59,47,0.001
2015-12-27,61,46,0.12
2015-12-28,46,34,0.03
2015-12-29,46,34,0.45
2015-12-30,48,38,0.19
2015-12-31,48,42,0.03
2016-01-01,42,34,0.0
2016-01-02,40,32,0.0
2016-01-03,45,35,0.0
2016-01-04,36,14,0.0
2016-01-05,29,11,0.0
2016-01-06,41,25,0.0
2016-01-07,46,31,0.0
2016-01-08,46,31,0.0
2016-01-09,47,40,0.001
2016-01-10,59,40,1.8
2016-01-11,40,26,0.0
2016-01-12,44,25,0.0
2016-01-13,30,22,0.0
2016-01-14,38,22,0.0
2016-01-15,51,34,0.001
2016-01-16,52,42,0.24
2016-01-17,42,30,0.05
2016-01-18,31,18,0.001
2016-01-19,28,16,0.0
2016-01-20,37,27,0.0
2016-01-21,36,26,0.0
2016-01-22,30,21,0.01
2016-01-23,27,24,2.31
2016-01-24,35,20,0.001
2016-01-25,39,28,0.0
2016-01-26,48,38,0.0
2016-01-27,47,34,0.001
2016-01-28,42,32,0.0
2016-01-29,41,30,0.0
2016-01-30,39,28,0.0
2016-01-31,56,36,0.0
2016-02-01,59,44,0.01
2016-02-02,50,38,0.0
2016-02-03,59,42,0.73
2016-02-04,59,44,0.001
2016-02-05,44,31,0.53
2016-02-06,40,30,0.0
2016-02-07,47,33,0.0
2016-02-08,39,28,0.05
2016-02-09,36,27,0.0
2016-02-10,39,31,0.01
2016-02-11,31,18,0.001
2016-02-12,27,15,0.0
2016-02-13,22,6,0.0
2016-02-14,15,-1,0.0
2016-02-15,35,13,0.44
2016-02-16,54,35,1.01
2016-02-17,39,35,0.0
2016-02-18,36,27,0.0
2016-02-19,39,24,0.0
2016-02-20,61,39,0.0
2016-02-21,55,44,0.03
2016-02-22,52,38,0.0
2016-02-23,40,35,0.3
2016-02-24,60,36,1.22
2016-02-25,61,37,0.02
2016-02-26,39,27,0.0
2016-02-27,41,26,0.0
2016-02-28,60,38,0.0
2016-02-29,61,47,0.05
2016-03-01,52,39,0.0
2016-03-02,55,29,0.14
2016-03-03,36,26,0.0
2016-03-04,39,30,0.11
2016-03-05,41,28,0.0
2016-03-06,44,32,0.0
2016-03-07,60,36,0.0
2016-03-08,67,47,0.0
2016-03-09,77,44,0.0
2016-03-10,79,63,0.0
2016-03-11,68,48,0.06
2016-03-12,59,40,0.0
2016-03-13,62,50,0.001
2016-03-14,51,40,0.29
2016-03-15,57,44,0.0
2016-03-16,65,48,0.02
2016-03-17,63,45,0.001
2016-03-18,57,42,0.0
2016-03-19,46,36,0.0
2016-03-20,43,32,0.07
2016-03-21,50,32,0.06
2016-03-22,56,35,0.0
2016-03-23,71,48,0.0
2016-03-24,55,44,0.0
2016-03-25,72,44,0.04
2016-03-26,55,38,0.0
2016-03-27,55,43,0.0
2016-03-28,62,42,0.38
2016-03-29,53,40,0.0
2016-03-30,56,37,0.0
2016-03-31,73,49,0.0
2016-04-01,79,61,0.02
2016-04-02,61,49,0.16
2016-04-03,50,34,0.09
2016-04-04,45,29,0.47
2016-04-05,43,26,0.0
2016-04-06,48,30,0.0
2016-04-07,58,48,0.09
2016-04-08,50,40,0.01
2016-04-09,43,36,0.11
2016-04-10,50,31,0.0
2016-04-11,65,43,0.01
2016-04-12,59,45,0.2
2016-04-13,58,40,0.0
2016-04-14,62,43,0.0
2016-04-15,65,42,0.0
2016-04-16,68,43,0.0
2016-04-17,75,44,0.0
2016-04-18,82,51,0.0
2016-04-19,73,55,0.0
2016-04-20,69,49,0.0
2016-04-21,73,49,0.0
2016-04-22,79,62,0.001
2016-04-23,71,54,0.16
2016-04-24,68,47,0.0
2016-04-25,69,50,0.0
2016-04-26,60,47,0.24
2016-04-27,62,46,0.0
2016-04-28,59,48,0.0
2016-04-29,58,45,0.05
2016-04-30,65,46,0.0
2016-05-01,51,45,0.16
2016-05-02,60,45,0.04
2016-05-03,56,51,0.61
2016-05-04,52,48,0.01
2016-05-05,57,46,0.0
2016-05-06,54,48,0.54
2016-05-07,60,48,0.0
2016-05-08,66,49,0.16
2016-05-09,72,52,0.0
2016-05-10,63,50,0.0
2016-05-11,76,50,0.0
2016-05-12,80,56,0.0
2016-05-13,65,57,0.25
2016-05-14,73,56,0.0
2016-05-15,59,46,0.0
2016-05-16,66,43,0.0
2016-05-17,64,52,0.0
2016-05-18,68,52,0.001
2016-05-19,73,54,0.0
2016-05-20,76,53,0.0
2016-05-21,66,54,0.04
2016-05-22,70,52,0.09
2016-05-23,78,56,0.02
2016-05-24,73,58,0.18
2016-05-25,88,61,0.0
2016-05-26,90,69,0.0
2016-05-27,87,73,0.0
2016-05-28,92,71,0.0
2016-05-29,87,70,0.001
2016-05-30,82,68,1.65
2016-05-31,85,71,0.0
2016-06-01,83,66,0.0
2016-06-02,78,62,0.0
2016-06-03,70,63,0.04
2016-06-04,83,66,0.4
2016-06-05,71,65,0.91
2016-06-06,83,65,0.0
2016-06-07,85,64,0.001
2016-06-08,67,52,0.45
2016-06-09,71,54,0.0
2016-06-10,77,57,0.0
2016-06-11,88,59,0.0
2016-06-12,83,62,0.0
2016-06-13,74,57,0.0
2016-06-14,79,58,0.0
2016-06-15,85,62,0.0
2016-06-16,74,65,0.22
2016-06-17,78,63,0.0
2016-06-18,87,61,0.0
2016-06-19,88,66,0.0
2016-06-20,84,64,0.0
2016-06-21,87,72,0.001
2016-06-22,86,68,0.0
2016-06-23,83,69,0.0
2016-06-24,84,67,0.0
2016-06-25,86,64,0.0
2016-06-26,87,67,0.0
2016-06-27,83,67,0.45
2016-06-28,76,68,0.12
2016-06-29,83,67,0.01
2016-06-30,85,67,0.0
2016-07-01,79,66,0.83
2016-07-02,76,63,0.0
2016-07-03,78,64,0.0
2016-07-04,84,66,0.49
2016-07-05,86,69,0.66
2016-07-06,91,75,0.0
2016-07-07,89,77,0.04
2016-07-08,86,67,0.08
2016-07-09,72,65,0.53
2016-07-10,80,66,0.001
2016-07-11,81,65,0.0
2016-07-12,82,68,0.0
2016-07-13,85,71,0.0
2016-07-14,88,73,0.62
2016-07-15,88,79,0.0
2016-07-16,90,75,0.001
2016-07-17,89,75,0.0
2016-07-18,93,72,0.35
2016-07-19,83,73,0.0
2016-07-20,85,68,0.0
2016-07-21,90,71,0.0
2016-07-22,94,74,0.0
2016-07-23,96,80,0.0
2016-07-24,94,75,0.0
2016-07-25,93,73,1.0
2016-07-26,89,72,0.0
2016-07-27,91,74,0.0
2016-07-28,95,75,0.001
2016-07-29,85,69,1.09
2016-07-30,84,73,0.25
2016-07-31,78,71,1.08
2016-08-01,80,69,0.001
2016-08-02,79,68,0.0
2016-08-03,80,66,0.0
2016-08-04,81,67,0.0
2016-08-05,83,69,0.0
2016-08-06,87,72,0.05
2016-08-07,86,70,0.0
2016-08-08,86,71,0.0
2016-08-09,87,71,0.0
2016-08-10,86,75,0.09
2016-08-11,91,74,0.15
2016-08-12,93,73,0.32
2016-08-13,96,81,0.0
2016-08-14,94,78,0.06
2016-08-15,92,77,0.0
2016-08-16,87,78,0.11
2016-08-17,85,77,0.01
2016-08-18,85,72,0.03
2016-08-19,88,74,0.01
2016-08-20,83,70,0.82
2016-08-21,86,73,0.31
2016-08-22,79,65,0.0
2016-08-23,82,61,0.0
2016-08-24,88,68,0.0
2016-08-25,86,69,0.01
2016-08-26,90,75,0.0
2016-08-27,89,73,0.0
2016-08-28,89,72,0.0
2016-08-29,91,74,0.0
2016-08-30,86,69,0.0
2016-08-31,89,74,0.001
2016-09-01,79,69,0.5
2016-09-02,81,66,0.0
2016-09-03,75,66,0.0
2016-09-04,80,65,0.0
2016-09-05,84,65,0.0
2016-09-06,80,71,0.001
2016-09-07,85,71,0.0
2016-09-08,89,71,0.0
2016-09-09,91,75,0.22
2016-09-10,90,74,0.001
2016-09-11,83,67,0.0
2016-09-12,78,62,0.0
2016-09-13,83,64,0.0
2016-09-14,91,67,0.56
2016-09-15,74,61,0.0
2016-09-16,73,61,0.0
2016-09-17,77,59,0.0
2016-09-18,82,70,0.0
2016-09-19,76,69,0.68
2016-09-20,82,68,0.0
2016-09-21,84,68,0.0
2016-09-22,86,65,0.0
2016-09-23,87,64,0.01
2016-09-24,71,58,0.2
2016-09-25,70,54,0.0
2016-09-26,74,54,0.0
2016-09-27,74,64,0.22
2016-09-28,69,56,0.0
2016-09-29,64,57,0.0
2016-09-30,59,56,0.4
2016-10-01,62,56,0.0
2016-10-02,63,57,0.0
2016-10-03,72,60,0.0
2016-10-04,69,60,0.0
2016-10-05,67,53,0.0
2016-10-06,73,55,0.0
2016-10-07,75,57,0.0
2016-10-08,68,58,0.23
2016-10-09,65,51,0.55
2016-10-10,64,47,0.0
2016-10-11,63,46,0.0
2016-10-12,66,53,0.0
2016-10-13,67,53,0.001
2016-10-14,62,47,0.0
2016-10-15,65,45,0.0
2016-10-16,69,53,0.0
2016-10-17,81,63,0.0
2016-10-18,81,67,0.0
2016-10-19,85,65,0.0
2016-10-20,70,62,0.0
2016-10-21,69,57,1.11
2016-10-22,57,47,0.29
2016-10-23,61,45,0.0
2016-10-24,62,47,0.001
2016-10-25,52,43,0.0
2016-10-26,51,38,0.0
2016-10-27,55,40,1.41
2016-10-28,51,42,0.0
2016-10-29,64,39,0.0
2016-10-30,76,54,0.56
2016-10-31,54,44,0.0
2016-11-01,58,40,0.0
2016-11-02,70,54,0.0
2016-11-03,72,57,0.0
2016-11-04,61,47,0.0
2016-11-05,62,44,0.0
2016-11-06,59,45,0.0
2016-11-07,53,41,0.0
2016-11-08,66,41,0.0
2016-11-09,59,49,0.06
2016-11-10,56,40,0.0
2016-11-11,63,41,0.0
2016-11-12,50,37,0.0
2016-11-13,61,41,0.0
2016-11-14,62,46,0.0
2016-11-15,56,47,1.81
2016-11-16,61,45,0.0
2016-11-17,61,49,0.0
2016-11-18,64,44,0.0
2016-11-19,63,37,0.25
2016-11-20,42,34,0.31
2016-11-21,41,36,0.0
2016-11-22,41,37,0.0
2016-11-23,45,35,0.0
2016-11-24,48,38,0.03
2016-11-25,54,45,0.02
2016-11-26,50,40,0.0
2016-11-27,50,39,0.0
2016-11-28,52,38,0.0
2016-11-29,60,51,2.2
2016-11-30,58,50,0.73
2016-12-01,54,42,0.07
2016-12-02,51,40,0.0
2016-12-03,47,41,0.001
2016-12-04,47,39,0.0
2016-12-05,49,38,0.19
2016-12-06,46,37,0.35
2016-12-07,46,40,0.09
2016-12-08,45,35,0.0
2016-12-09,39,29,0.0
2016-12-10,35,28,0.0
2016-12-11,35,28,0.03
2016-12-12,46,34,0.5
2016-12-13,43,35,0.0
2016-12-14,42,34,0.0
2016-12-15,34,19,0.0
2016-12-16,27,17,0.0
2016-12-17,39,24,0.73
2016-12-18,58,31,0.04
2016-12-19,31,23,0.0
2016-12-20,33,20,0.0
2016-12-21,40,30,0.0
2016-12-22,49,37,0.0
2016-12-23,47,38,0.0
2016-12-24,47,38,0.47
2016-12-25,50,36,0.0
2016-12-26,50,33,0.02
2016-12-27,60,40,0.0
2016-12-28,40,34,0.0
2016-12-29,46,33,0.39
2016-12-30,40,33,0.01
2016-12-31,44,31,0.0
2017-01-01,48,40,0.001
2017-01-02,41,37,0.21
2017-01-03,43,39,0.58
2017-01-04,52,34,0.0
2017-01-05,34,27,0.0
2017-01-06,33,25,0.05
2017-01-07,26,20,0.32
2017-01-08,25,16,0.0
2017-01-09,23,14,0.0
2017-01-10,46,21,0.0
2017-01-11,52,42,0.52
2017-01-12,66,47,0.05
2017-01-13,62,32,0.0
2017-01-14,34,28,0.12
2017-01-15,38,30,0.0
2017-01-16,43,30,0.0
2017-01-17,42,38,0.35
2017-01-18,41,38,0.06
2017-01-19,49,39,0.0
2017-01-20,45,40,0.1
2017-01-21,49,41,0.0
2017-01-22,48,43,0.05
2017-01-23,44,36,1.16
2017-01-24,38,35,1.18
2017-01-25,51,36,0.0
2017-01-26,56,43,0.02
2017-01-27,43,36,0.0
2017-01-28,39,34,0.0
2017-01-29,43,35,0.0
2017-01-30,37,30,0.0
2017-01-31,34,26,0.06
2017-02-01,47,33,0.0
2017-02-02,45,32,0.0
2017-02-03,33,26,0.0
2017-02-04,34,22,0.0
2017-02-05,43,31,0.0
2017-02-06,49,36,0.0
2017-02-07,42,36,0.27
2017-02-08,62,38,0.03
2017-02-09,44,19,1.16
2017-02-10,32,19,0.001
2017-02-11,48,30,0.0
2017-02-12,40,30,0.46
2017-02-13,39,31,0.02
2017-02-14,41,28,0.0
2017-02-15,47,35,0.001
2017-02-16,35,28,0.0
2017-02-17,41,26,0.0
2017-02-18,63,35,0.0
2017-02-19,65,53,0.0
2017-02-20,55,39,0.0
2017-02-21,47,34,0.0
2017-02-22,57,42,0.0
2017-02-23,65,44,0.0
2017-02-24,70,58,0.0
2017-02-25,63,44,0.54
2017-02-26,44,36,0.0
2017-02-27,54,35,0.0
2017-02-28,59,47,0.0
2017-03-01,70,54,0.12
2017-03-02,64,35,0.0
2017-03-03,39,24,0.0
2017-03-04,30,17,0.0
2017-03-05,37,14,0.0
2017-03-06,45,26,0.0
2017-03-07,56,42,0.1
2017-03-08,59,47,0.02
2017-03-09,61,47,0.0
2017-03-10,47,23,0.31
2017-03-11,29,17,0.0
2017-03-12,29,19,0.0
2017-03-13,36,20,0.0
2017-03-14,32,21,1.97
2017-03-15,26,20,0.0
2017-03-16,39,24,0.0
2017-03-17,47,29,0.0
2017-03-18,39,34,0.08
2017-03-19,47,34,0.0
2017-03-20,52,33,0.0
2017-03-21,59,42,0.0
2017-03-22,50,24,0.0
2017-03-23,42,23,0.0
2017-03-24,57,36,0.001
2017-03-25,62,42,0.01
2017-03-26,42,37,0.14
2017-03-27,53,37,0.26
2017-03-28,46,41,0.72
2017-03-29,60,42,0.0
2017-03-30,52,38,0.01
2017-03-31,43,37,1.51
2017-04-01,48,37,0.0
2017-04-02,63,40,0.0
2017-04-03,63,48,0.03
2017-04-04,51,45,1.18
2017-04-05,65,45,0.0
2017-04-06,53,40,0.73
2017-04-07,51,40,0.001
2017-04-08,57,40,0.0
2017-04-09,67,45,0.0
2017-04-10,74,53,0.0
2017-04-11,80,61,0.0
2017-04-12,76,58,0.02
2017-04-13,65,48,0.0
2017-04-14,66,48,0.0
2017-04-15,65,51,0.0
2017-04-16,87,59,0.001
2017-04-17,74,58,0.001
2017-04-18,65,47,0.0
2017-04-19,54,45,0.001
2017-04-20,66,50,0.17
2017-04-21,53,48,0.29
2017-04-22,57,49,0.11
2017-04-23,66,46,0.0
2017-04-24,60,48,0.001
2017-04-25,54,49,0.91
2017-04-26,60,53,0.34
2017-04-27,70,57,0.0
2017-04-28,85,58,0.001
2017-04-29,85,64,0.06
2017-04-30,67,52,0.0
2017-05-01,74,49,0.0
2017-05-02,75,62,0.001
2017-05-03,65,51,0.0
2017-05-04,64,47,0.0
2017-05-05,59,51,3.02
2017-05-06,67,52,0.18
2017-05-07,56,47,0.01
2017-05-08,57,44,0.0
2017-05-09,63,47,0.0
2017-05-10,63,49,0.0
2017-05-11,62,51,0.0
2017-05-12,65,48,0.0
2017-05-13,53,45,1.61
2017-05-14,67,46,0.02
2017-05-15,68,53,0.0
2017-05-16,79,56,0.0
2017-05-17,90,65,0.0
2017-05-18,92,75,0.0
2017-05-19,91,66,0.0
2017-05-20,65,55,0.01
2017-05-21,69,52,0.0
2017-05-22,61,53,0.59
2017-05-23,69,56,0.0
2017-05-24,69,56,0.04
2017-05-25,59,56,0.58
2017-05-26,73,56,0.1
2017-05-27,71,59,0.0
2017-05-28,71,58,0.0
2017-05-29,61,56,0.13
2017-05-30,60,55,0.06
2017-05-31,75,58,0.03
2017-06-01,79,59,0.001
2017-06-02,76,57,0.01
2017-06-03,73,55,0.01
2017-06-04,70,56,0.09
2017-06-05,67,58,0.02
2017-06-06,58,52,0.06
2017-06-07,67,51,0.0
2017-06-08,69,55,0.0
2017-06-09,80,53,0.0
2017-06-10,85,66,0.0
2017-06-11,90,72,0.0
2017-06-12,93,76,0.0
2017-06-13,94,77,0.001
2017-06-14,84,69,0.29
2017-06-15,76,64,0.0
2017-06-16,68,63,0.0
2017-06-17,74,66,1.39
2017-06-18,85,70,0.001
2017-06-19,88,70,1.35
2017-06-20,83,71,0.03
2017-06-21,83,71,0.0
2017-06-22,83,68,0.0
2017-06-23,83,76,0.04
2017-06-24,84,71,1.29
2017-06-25,83,68,0.0
2017-06-26,79,64,0.0
2017-06-27,77,60,0.18
2017-06-28,78,61,0.0
2017-06-29,82,68,0.0
2017-06-30,88,73,0.001
2017-07-01,85,71,0.23
2017-07-02,87,72,0.0
2017-07-03,88,71,0.45
2017-07-04,85,70,0.0
2017-07-05,85,70,0.0
2017-07-06,77,71,0.001
2017-07-07,80,68,1.78
2017-07-08,84,69,0.0
2017-07-09,81,67,0.0
2017-07-10,84,68,0.0
2017-07-11,85,75,0.0
2017-07-12,88,77,0.0
2017-07-13,90,73,0.001
2017-07-14,73,65,0.35
2017-07-15,84,68,0.0
2017-07-16,87,68,0.0
2017-07-17,85,73,0.0
2017-07-18,88,73,0.0
2017-07-19,92,77,0.0
2017-07-20,94,77,0.01
2017-07-21,92,76,0.0
2017-07-22,92,71,0.57
2017-07-23,79,71,0.06
2017-07-24,73,63,0.74
2017-07-25,71,62,0.0
2017-07-26,77,65,0.0
2017-07-27,78,65,0.001
2017-07-28,85,71,0.0
2017-07-29,77,67,0.0
2017-07-30,82,64,0.0
2017-07-31,88,66,0.0
2017-08-01,92,71,0.0
2017-08-02,86,69,0.09
2017-08-03,87,68,0.0
2017-08-04,84,69,0.15
2017-08-05,78,69,0.3
2017-08-06,76,64,0.0
2017-08-07,71,64,0.76
2017-08-08,78,65,0.0
2017-08-09,85,64,0.0
2017-08-10,83,68,0.0
2017-08-11,82,69,0.001
2017-08-12,77,64,0.11
2017-08-13,83,71,0.0
2017-08-14,80,70,0.0
2017-08-15,74,68,0.45
2017-08-16,87,70,0.0
2017-08-17,83,69,0.0
2017-08-18,82,73,0.88
2017-08-19,86,73,0.0
2017-08-20,81,69,0.0
2017-08-21,87,71,0.0
2017-08-22,89,72,0.3
2017-08-23,81,70,0.001
2017-08-24,80,65,0.0
2017-08-25,78,63,0.0
2017-08-26,78,62,0.0
2017-08-27,78,63,0.0
2017-08-28,76,63,0.0
2017-08-29,68,61,0.29
2017-08-30,78,60,0.01
2017-08-31,81,64,0.0
2017-09-01,71,55,0.0
2017-09-02,68,54,0.53
2017-09-03,69,59,0.74
2017-09-04,80,61,0.0
2017-09-05,85,69,0.001
2017-09-06,72,61,0.42
2017-09-07,71,59,0.01
2017-09-08,71,58,0.0
2017-09-09,70,55,0.0
2017-09-10,72,57,0.0
2017-09-11,76,55,0.0
2017-09-12,78,59,0.0
2017-09-13,83,64,0.06
2017-09-14,81,70,0.02
2017-09-15,81,67,0.0
2017-09-16,82,70,0.0
2017-09-17,81,68,0.0
2017-09-18,73,68,0.0
2017-09-19,78,69,0.22
2017-09-20,79,71,0.0
2017-09-21,80,71,0.0
2017-09-22,82,66,0.0
2017-09-23,87,68,0.0
2017-09-24,91,69,0.0
2017-09-25,88,70,0.0
2017-09-26,84,68,0.0
2017-09-27,87,69,0.0
2017-09-28,79,59,0.0
2017-09-29,68,55,0.0
2017-09-30,66,54,0.0
2017-10-01,68,50,0.0
2017-10-02,73,52,0.0
2017-10-03,71,57,0.0
2017-10-04,75,56,0.0
2017-10-05,83,65,0.001
2017-10-06,82,68,0.0
2017-10-07,81,66,0.0
2017-10-08,77,72,0.22
2017-10-09,77,71,0.26
2017-10-10,81,66,0.0
2017-10-11,77,60,0.06
2017-10-12,64,55,0.07
2017-10-13,67,52,0.0
2017-10-14,72,61,0.08
2017-10-15,74,65,0.0
2017-10-16,69,46,0.01
2017-10-17,58,42,0.0
2017-10-18,72,50,0.0
2017-10-19,71,56,0.0
2017-10-20,73,57,0.0
2017-10-21,78,56,0.0
2017-10-22,76,57,0.0
2017-10-23,74,61,0.0
2017-10-24,74,67,0.2
2017-10-25,67,57,0.0
2017-10-26,58,50,0.0
2017-10-27,62,47,0.0
2017-10-28,69,55,0.0
2017-10-29,67,60,3.03
2017-10-30,61,46,0.25
2017-10-31,57,45,0.0
2017-11-01,59,43,0.0
2017-11-02,72,58,0.0
2017-11-03,74,51,0.0
2017-11-04,56,46,0.0
2017-11-05,61,51,0.02
2017-11-06,66,46,0.01
2017-11-07,49,40,0.7
2017-11-08,49,39,0.0
2017-11-09,55,39,0.001
2017-11-10,51,25,0.01
2017-11-11,38,24,0.0
2017-11-12,46,32,0.0
2017-11-13,47,39,0.07
2017-11-14,48,35,0.0
2017-11-15,51,37,0.0
2017-11-16,57,43,0.2
2017-11-17,47,37,0.0
2017-11-18,56,34,0.1
2017-11-19,59,38,0.23
2017-11-20,47,36,0.001
2017-11-21,58,42,0.0
2017-11-22,56,35,0.21
2017-11-23,43,31,0.0
2017-11-24,50,35,0.0
2017-11-25,57,43,0.0
2017-11-26,51,40,0.0
2017-11-27,51,39,0.0
2017-11-28,54,36,0.0
2017-11-29,63,42,0.0
2017-11-30,53,38,0.03
2017-12-01,52,42,0.0
2017-12-02,48,39,0.0
2017-12-03,48,42,0.0
2017-12-04,51,40,0.0
2017-12-05,61,50,0.75
2017-12-06,59,40,0.0
2017-12-07,44,37,0.0
2017-12-08,39,34,0.0
2017-12-09,35,30,0.46
2017-12-10,39,29,0.0
2017-12-11,41,33,0.0
2017-12-12,50,29,0.001
2017-12-13,31,20,0.0
2017-12-14,32,22,0.09
2017-12-15,28,20,0.11
2017-12-16,39,23,0.0
2017-12-17,38,32,0.0
2017-12-18,47,34,0.02
2017-12-19,55,45,0.0
2017-12-20,51,34,0.0
2017-12-21,39,32,0.0
2017-12-22,50,35,0.0
2017-12-23,48,38,0.49
2017-12-24,41,36,0.01
2017-12-25,38,28,0.23
2017-12-26,28,23,0.0
2017-12-27,24,17,0.0
2017-12-28,18,11,0.0
2017-12-29,22,11,0.0
2017-12-30,23,17,0.05
2017-12-31,21,9,0.0
2018-01-01,19,7,0.0
2018-01-02,26,13,0.0
2018-01-03,30,16,0.0
2018-01-04,29,19,0.76
2018-01-05,19,9,0.0
2018-01-06,13,6,0.0
2018-01-07,18,5,0.0
2018-01-08,31,17,0.01
2018-01-09,44,30,0.0
2018-01-10,43,30,0.0
2018-01-11,53,41,0.0
2018-01-12,61,44,0.54
2018-01-13,58,19,0.05
2018-01-14,25,15,0.0
2018-01-15,30,16,0.0
2018-01-16,36,25,0.0
2018-01-17,36,22,0.19
2018-01-18,32,18,0.0
2018-01-19,41,24,0.0
2018-01-20,52,38,0.0
2018-01-21,50,42,0.0
2018-01-22,49,38,0.01
2018-01-23,60,38,0.3
2018-01-24,44,27,0.0
2018-01-25,34,23,0.0
2018-01-26,38,26,0.0
2018-01-27,56,35,0.0
2018-01-28,55,46,0.21
2018-01-29,47,35,0.001
2018-01-30,36,24,0.11
2018-01-31,33,18,0.0
2018-02-01,45,32,0.05
2018-02-02,41,17,0.18
2018-02-03,31,16,0.0
2018-02-04,46,30,0.96
2018-02-05,40,26,0.001
2018-02-06,37,26,0.0
2018-02-07,45,30,0.85
2018-02-08,33,25,0.0
2018-02-09,39,26,0.0
2018-02-10,50,39,0.58
2018-02-11,62,45,1.21
2018-02-12,62,32,0.0
2018-02-13,38,26,0.0
2018-02-14,53,35,0.08
2018-02-15,62,46,0.16
2018-02-16,58,36,0.09
2018-02-17,40,28,0.52
2018-02-18,44,33,0.01
2018-02-19,49,36,0.04
2018-02-20,67,47,0.0
2018-02-21,78,55,0.06
2018-02-22,59,37,0.17
2018-02-23,42,36,0.06
2018-02-24,55,42,0.08
2018-02-25,44,40,0.73
2018-02-26,52,43,0.0
2018-02-27,56,39,0.0
2018-02-28,61,42,0.0
2018-03-01,60,44,0.38
2018-03-02,44,34,1.86
2018-03-03,49,36,0.0
2018-03-04,44,34,0.0
2018-03-05,43,33,0.0
2018-03-06,47,32,0.001
2018-03-07,39,33,1.41
2018-03-08,39,33,0.001
2018-03-09,42,30,0.0
2018-03-10,40,31,0.0
2018-03-11,45,32,0.0
2018-03-12,43,32,0.08
2018-03-13,40,33,0.28
2018-03-14,41,31,0.01
2018-03-15,48,32,0.0
2018-03-16,40,30,0.0
2018-03-17,48,27,0.0
2018-03-18,43,28,0.0
2018-03-19,47,33,0.0
2018-03-20,39,30,0.001
2018-03-21,39,31,0.99
2018-03-22,50,32,0.06
2018-03-23,49,35,0.001
2018-03-24,51,35,0.0
2018-03-25,45,33,0.0
2018-03-26,50,34,0.0
2018-03-27,47,34,0.01
2018-03-28,52,38,0.03
2018-03-29,53,49,0.03
2018-03-30,62,44,0.03
2018-03-31,58,39,0.0
2018-04-01,60,43,0.0
2018-04-02,43,33,0.59
2018-04-03,43,39,0.26
2018-04-04,56,40,0.04
2018-04-05,45,34,0.0
2018-04-06,62,37,0.11
2018-04-07,49,37,0.0
2018-04-08,46,32,0.0
2018-04-09,49,32,0.001
2018-04-10,51,38,0.01
2018-04-11,51,37,0.0
2018-04-12,63,46,0.0
2018-04-13,82,60,0.0
2018-04-14,77,44,0.0
2018-04-15,44,38,0.47
2018-04-16,60,39,2.82
2018-04-17,47,39,0.001
2018-04-18,55,37,0.0
2018-04-19,49,38,0.15
2018-04-20,50,37,0.0
2018-04-21,63,39,0.0
2018-04-22,67,44,0.0
2018-04-23,68,46,0.0
2018-04-24,66,46,0.05
2018-04-25,60,52,0.95
2018-04-26,70,55,0.1
2018-04-27,59,51,0.05
2018-04-28,68,50,0.1
2018-04-29,59,47,0.08
2018-04-30,51,44,0.001
2018-05-01,80,48,0.0
2018-05-02,90,65,0.0
2018-05-03,92,70,0.02
2018-05-04,84,72,0.001
2018-05-05,76,61,0.001
2018-05-06,66,56,0.001
2018-05-07,77,54,0.0
2018-05-08,74,53,0.0
2018-05-09,77,54,0.0
2018-05-10,66,54,0.25
2018-05-11,73,60,0.001
2018-05-12,63,51,0.22
2018-05-13,54,52,0.1
2018-05-14,71,52,0.03
2018-05-15,88,61,0.58
2018-05-16,64,56,0.34
2018-05-17,71,56,0.22
2018-05-18,67,56,0.0
2018-05-19,56,49,0.65
2018-05-20,81,56,0.001
2018-05-21,79,58,0.0
2018-05-22,68,55,0.29
2018-05-23,81,59,0.29
2018-05-24,83,63,0.0
2018-05-25,86,65,0.0
2018-05-26,89,72,0.0
2018-05-27,80,56,0.44
2018-05-28,69,56,0.0
2018-05-29,89,63,0.0
2018-05-30,78,61,0.0
2018-05-31,68,63,0.1
2018-06-01,81,65,0.27
2018-06-02,87,66,0.08
2018-06-03,66,51,0.25
2018-06-04,71,51,0.16
2018-06-05,75,58,0.001
2018-06-06,71,58,0.0
2018-06-07,71,60,0.0
2018-06-08,82,60,0.0
2018-06-09,83,67,0.0
2018-06-10,73,58,0.01
2018-06-11,73,58,0.0
2018-06-12,75,57,0.0
2018-06-13,78,63,0.04
2018-06-14,84,67,0.001
2018-06-15,76,63,0.0
2018-06-16,85,64,0.0
2018-06-17,91,66,0.0
2018-06-18,91,73,0.08
2018-06-19,88,75,0.07
2018-06-20,83,69,0.09
2018-06-21,83,65,0.59
2018-06-22,75,62,0.1
2018-06-23,66,62,0.001
2018-06-24,84,66,0.001
2018-06-25,81,67,0.0
2018-06-26,78,61,0.0
2018-06-27,73,66,0.01
2018-06-28,83,70,1.36
2018-06-29,89,70,0.0
2018-06-30,93,72,0.0
2018-07-01,96,79,0.0
2018-07-02,95,79,0.0
2018-07-03,92,77,0.01
2018-07-04,86,77,0.0
2018-07-05,90,76,0.0
2018-07-06,80,69,0.23
2018-07-07,78,62,0.0
2018-07-08,84,62,0.0
2018-07-09,87,67,0.0
2018-07-10,93,72,0.0
2018-07-11,88,74,0.0
2018-07-12,84,64,0.71
2018-07-13,84,68,0.0
2018-07-14,88,70,0.36
2018-07-15,83,69,0.64
2018-07-16,90,75,0.0
2018-07-17,88,70,2.24
2018-07-18,85,66,0.0
2018-07-19,83,66,0.0
2018-07-20,82,69,0.0
2018-07-21,79,65,0.63
2018-07-22,79,70,1.06
2018-07-23,80,73,0.17
2018-07-24,82,75,0.02
2018-07-25,77,72,0.73
2018-07-26,85,72,0.03
2018-07-27,86,68,0.25
2018-07-28,85,70,0.0
2018-07-29,82,70,0.0
2018-07-30,78,68,0.37
2018-07-31,82,68,0.0
2018-08-01,84,74,0.1
2018-08-02,86,76,0.51
2018-08-03,85,73,0.24
2018-08-04,84,72,0.74
2018-08-05,91,73,0.0
2018-08-06,92,77,0.0
2018-08-07,90,74,0.05
2018-08-08,90,76,0.0
2018-08-09,86,73,0.61
2018-08-10,86,72,0.001
2018-08-11,80,70,2.9
2018-08-12,84,72,0.001
2018-08-13,75,71,0.66
2018-08-14,82,71,0.79
2018-08-15,86,70,0.0
2018-08-16,88,76,0.0
2018-08-17,87,72,1.04
2018-08-18,85,71,0.07
2018-08-19,72,67,0.02
2018-08-20,74,67,0.001
2018-08-21,79,66,0.11
2018-08-22,82,71,0.72
2018-08-23,77,65,0.001
2018-08-24,82,65,0.0
2018-08-25,80,68,0.0
2018-08-26,83,69,0.0
2018-08-27,88,74,0.0
2018-08-28,94,79,0.0
2018-08-29,92,81,0.0
2018-08-30,90,78,0.0
2018-08-31,78,69,0.03
2018-09-01,78,69,0.0
2018-09-02,81,68,0.0
2018-09-03,90,75,0.0
2018-09-04,92,77,0.0
2018-09-05,89,77,0.0
2018-09-06,93,73,0.36
2018-09-07,75,69,0.001
2018-09-08,71,61,0.02
2018-09-09,62,55,0.45
2018-09-10,64,54,0.93
2018-09-11,74,62,0.02
2018-09-12,77,71,0.15
2018-09-13,76,69,0.13
2018-09-14,75,68,0.001
2018-09-15,80,67,0.0
2018-09-16,84,67,0.0
2018-09-17,79,68,0.01
2018-09-18,79,70,1.19
2018-09-19,81,68,0.001
2018-09-20,72,65,0.0
2018-09-21,72,67,0.0
2018-09-22,74,62,0.0
2018-09-23,66,60,0.001
2018-09-24,69,57,0.0
2018-09-25,73,59,1.95
2018-09-26,82,69,0.21
2018-09-27,72,61,0.001
2018-09-28,65,56,0.77
2018-09-29,72,58,0.0
2018-09-30,70,54,0.0
2018-10-01,76,63,0.0
2018-10-02,77,65,0.69
2018-10-03,74,63,0.0
2018-10-04,76,61,0.04
2018-10-05,71,60,0.0
2018-10-06,68,63,0.0
2018-10-07,79,67,0.0
2018-10-08,74,64,0.0
2018-10-09,77,66,0.001
2018-10-10,80,71,0.0
2018-10-11,77,69,0.84
2018-10-12,68,51,0.43
2018-10-13,55,46,0.1
2018-10-14,58,47,0.0
2018-10-15,68,52,0.05
2018-10-16,60,47,0.01
2018-10-17,61,46,0.0
2018-10-18,50,42,0.0
2018-10-19,60,43,0.0
2018-10-20,62,51,0.06
2018-10-21,51,39,0.001
2018-10-22,50,39,0.0
2018-10-23,63,49,0.001
2018-10-24,54,44,0.0
2018-10-25,51,40,0.0
2018-10-26,50,38,0.001
2018-10-27,51,44,1.27
2018-10-28,52,45,0.07
2018-10-29,56,47,0.03
2018-10-30,55,42,0.0
2018-10-31,64,44,0.0
2018-11-01,70,57,0.0
2018-11-02,72,64,0.22
2018-11-03,65,48,0.37
2018-11-04,55,43,0.0
2018-11-05,53,48,0.3
2018-11-06,59,49,0.68
2018-11-07,62,51,0.0
2018-11-08,56,45,0.0
2018-11-09,52,40,0.77
2018-11-10,50,34,0.03
2018-11-11,46,33,0.0
2018-11-12,49,37,0.04
2018-11-13,50,43,1.06
2018-11-14,43,32,0.0
2018-11-15,40,28,1.16
2018-11-16,45,34,0.31
2018-11-17,47,37,0.0
2018-11-18,44,39,0.0
2018-11-19,50,41,0.0
2018-11-20,47,39,0.001
2018-11-21,44,27,0.001
2018-11-22,28,17,0.0
2018-11-23,32,15,0.0
2018-11-24,49,31,0.97
2018-11-25,55,45,0.81
2018-11-26,53,45,0.85
2018-11-27,45,37,0.03
2018-11-28,42,36,0.0
2018-11-29,46,38,0.0
2018-11-30,43,38,0.02
2018-12-01,46,36,0.05
2018-12-02,56,42,0.59
2018-12-03,55,46,0.0
2018-12-04,46,31,0.0
2018-12-05,37,28,0.0
2018-12-06,40,30,0.0
2018-12-07,39,28,0.0
2018-12-08,36,24,0.0
2018-12-09,36,28,0.0
2018-12-10,39,29,0.0
2018-12-11,41,29,0.0
2018-12-12,41,33,0.0
2018-12-13,40,33,0.03
2018-12-14,51,40,0.1
2018-12-15,52,46,0.14
2018-12-16,46,35,1.43
2018-12-17,46,37,0.03
2018-12-18,40,28,0.0
2018-12-19,42,26,0.0
2018-12-20,47,37,0.22
2018-12-21,61,47,1.61
2018-12-22,54,40,0.02
2018-12-23,43,36,0.0
2018-12-24,43,36,0.12
2018-12-25,40,33,0.0
2018-12-26,43,32,0.0
2018-12-27,44,37,0.0
2018-12-28,60,43,1.15
2018-12-29,57,39,0.0
2018-12-30,40,33,0.001
2018-12-31,48,36,1.02
