Date, MaxTemperature, MinTemperature, Precipitation
2014-01-01, 69, 31, 0.00
2014-01-02, 43, 25, 0.00
2014-01-03, 52, 25, 0.00
2014-01-04, 70, 41, 0.00
2014-01-05, 50, 21, 0.00
2014-01-06, 33, 15, 0.00
2014-01-07, 48, 19, 0.00
2014-01-08, 48, 39, 0.14
2014-01-09, 48, 41, 0.08
2014-01-10, 70, 47, 0.11
2014-01-11, 69, 37, 0.00
2014-01-12, 74, 42, 0.00
2014-01-13, 64, 42, 0.00
2014-01-14, 66, 32, 0.00
2014-01-15, 58, 33, 0.00
2014-01-16, 66, 35, 0.00
2014-01-17, 55, 38, 0.00
2014-01-18, 69, 35, 0.00
2014-01-19, 65, 39, 0.00
2014-01-20, 73, 42, 0.00
2014-01-21, 52, 36, 0.00
2014-01-22, 60, 30, 0.00
2014-01-23, 45, 24, T
2014-01-24, 43, 18, 0.00
2014-01-25, 68, 26, 0.00
2014-01-26, 74, 47, 0.00
2014-01-27, 52, 25, 0.00
2014-01-28, 36, 22, 0.00
2014-01-29, 47, 16, 0.00
2014-01-30, 60, 32, 0.00
2014-01-31, 74, 52, 0.00
2014-02-01, 66, 40, 0.00
2014-02-02, 40, 30, 0.14
2014-02-03, 43, 30, 0.00
2014-02-04, 48, 38, 0.17
2014-02-05, 38, 22, 0.00
2014-02-06, 25, 17, 0.05
2014-02-07, 32, 23, T
2014-02-08, 55, 32, 0.00
2014-02-09, 47, 36, T
2014-02-10, 36, 30, 0.02
2014-02-11, 36, 28, T
2014-02-12, 51, 30, 0.00
2014-02-13, 67, 30, 0.00
2014-02-14, 72, 42, 0.00
2014-02-15, 70, 37, 0.00
2014-02-16, 76, 45, T
2014-02-17, 75, 49, 0.00
2014-02-18, 82, 43, 0.00
2014-02-19, 70, 60, T
2014-02-20, 74, 44, 0.00
2014-02-21, 67, 34, 0.00
2014-02-22, 75, 47, 0.00
2014-02-23, 71, 48, 0.00
2014-02-24, 56, 41, 0.00
2014-02-25, 55, 42, 0.03
2014-02-26, 43, 32, 0.00
2014-02-27, 56, 25, 0.00
2014-02-28, 84, 44, 0.00
2014-03-01, 81, 46, 0.00
2014-03-02, 71, 19, 0.09
2014-03-03, 34, 16, T
2014-03-04, 50, 25, 0.00
2014-03-05, 56, 31, T
2014-03-06, 56, 41, 0.00
2014-03-07, 67, 35, 0.00
2014-03-08, 56, 39, 0.01
2014-03-09, 63, 38, 0.00
2014-03-10, 78, 41, 0.00
2014-03-11, 86, 55, 0.00
2014-03-12, 63, 45, 0.00
2014-03-13, 68, 34, 0.00
2014-03-14, 73, 48, 0.00
2014-03-15, 68, 54, 1.29
2014-03-16, 56, 42, T
2014-03-17, 61, 35, 0.00
2014-03-18, 82, 51, 0.00
2014-03-19, 66, 45, 0.00
2014-03-20, 72, 40, 0.00
2014-03-21, 82, 53, 0.00
2014-03-22, 67, 51, T
2014-03-23, 58, 43, 0.00
2014-03-24, 67, 38, 0.00
2014-03-25, 64, 42, 0.00
2014-03-26, 62, 44, 0.04
2014-03-27, 82, 58, 0.02
2014-03-28, 80, 54, T
2014-03-29, 74, 46, 0.00
2014-03-30, 79, 48, 0.00
2014-03-31, 81, 57, 0.00
2014-04-01, 84, 66, 0.00
2014-04-02, 83, 71, 0.00
2014-04-03, 84, 59, 0.09
2014-04-04, 67, 45, 0.00
2014-04-05, 57, 49, T
2014-04-06, 53, 47, 0.60
2014-04-07, 69, 47, 0.01
2014-04-08, 72, 50, 0.00
2014-04-09, 81, 44, 0.00
2014-04-10, 86, 59, 0.00
2014-04-11, 83, 62, 0.00
2014-04-12, 85, 66, 0.00
2014-04-13, 78, 61, 0.32
2014-04-14, 61, 43, T
2014-04-15, 64, 35, 0.00
2014-04-16, 69, 44, 0.00
2014-04-17, 63, 49, 0.07
2014-04-18, 76, 55, 0.00
2014-04-19, 79, 55, 0.00
2014-04-20, 80, 61, 0.57
2014-04-21, 83, 63, T
2014-04-22, 84, 60, 0.00
2014-04-23, 87, 60, 0.00
2014-04-24, 84, 63, 0.00
2014-04-25, 84, 58, 0.00
2014-04-26, 84, 61, 0.00
2014-04-27, 91, 73, 0.08
2014-04-28, 83, 65, 0.00
2014-04-29, 76, 57, 0.00
2014-04-30, 68, 49, 0.00
2014-05-01, 75, 42, 0.00
2014-05-02, 82, 50, 0.00
2014-05-03, 90, 52, 0.00
2014-05-04, 96, 61, 0.00
2014-05-05, 92, 62, 0.00
2014-05-06, 89, 65, 0.00
2014-05-07, 88, 70, T
2014-05-08, 78, 64, 0.51
2014-05-09, 89, 64, 0.00
2014-05-10, 89, 65, 0.00
2014-05-11, 89, 74, 0.00
2014-05-12, 84, 59, 0.43
2014-05-13, 71, 55, 0.26
2014-05-14, 74, 53, 0.03
2014-05-15, 84, 51, 0.00
2014-05-16, 87, 56, 0.00
2014-05-17, 84, 59, 0.00
2014-05-18, 85, 64, 0.00
2014-05-19, 88, 66, 0.00
2014-05-20, 88, 69, 0.00
2014-05-21, 89, 70, 0.00
2014-05-22, 89, 69, 0.00
2014-05-23, 84, 72, 0.00
2014-05-24, 88, 72, 0.02
2014-05-25, 87, 70, 1.90
2014-05-26, 82, 70, 0.03
2014-05-27, 79, 66, 0.21
2014-05-28, 84, 65, T
2014-05-29, 89, 68, 0.00
2014-05-30, 88, 69, 0.00
2014-05-31, 89, 71, 0.01
2014-06-01, 92, 71, 0.00
2014-06-02, 92, 75, 0.00
2014-06-03, 92, 75, 0.00
2014-06-04, 94, 76, 0.00
2014-06-05, 91, 75, 0.00
2014-06-06, 94, 75, 0.00
2014-06-07, 96, 76, 0.00
2014-06-08, 89, 70, 0.03
2014-06-09, 81, 65, 0.85
2014-06-10, 86, 67, 0.00
2014-06-11, 95, 65, 0.00
2014-06-12, 85, 72, 0.08
2014-06-13, 90, 73, 0.00
2014-06-14, 92, 75, 0.00
2014-06-15, 94, 76, 0.00
2014-06-16, 96, 76, 0.00
2014-06-17, 95, 78, 0.00
2014-06-18, 96, 77, 0.01
2014-06-19, 95, 76, 0.00
2014-06-20, 93, 77, 0.00
2014-06-21, 88, 78, T
2014-06-22, 82, 70, 0.59
2014-06-23, 88, 68, 0.62
2014-06-24, 93, 71, 0.01
2014-06-25, 86, 70, 1.07
2014-06-26, 89, 70, 0.00
2014-06-27, 92, 74, 0.00
2014-06-28, 90, 77, T
2014-06-29, 94, 79, 0.00
2014-06-30, 95, 77, 0.00
2014-07-01, 94, 74, 0.00
2014-07-02, 93, 77, 0.00
2014-07-03, 87, 71, 0.00
2014-07-04, 93, 74, 0.00
2014-07-05, 93, 73, 0.00
2014-07-06, 95, 74, 0.00
2014-07-07, 99, 76, 0.00
2014-07-08, 98, 78, 0.00
2014-07-09, 97, 76, T
2014-07-10, 98, 78, 0.00
2014-07-11, 96, 74, 0.00
2014-07-12, 99, 75, 0.00
2014-07-13, 100, 77, 0.00
2014-07-14, 101, 78, 0.08
2014-07-15, 94, 73, 0.00
2014-07-16, 92, 69, 0.03
2014-07-17, 79, 68, 0.70
2014-07-18, 77, 65, 0.00
2014-07-19, 78, 68, 0.00
2014-07-20, 93, 65, 0.00
2014-07-21, 98, 74, 0.00
2014-07-22, 98, 77, 0.00
2014-07-23, 97, 76, T
2014-07-24, 97, 74, 0.00
2014-07-25, 100, 74, 0.00
2014-07-26, 102, 78, 0.00
2014-07-27, 103, 80, 0.00
2014-07-28, 96, 78, 0.00
2014-07-29, 85, 73, T
2014-07-30, 91, 73, 0.17
2014-07-31, 81, 71, T
2014-08-01, 83, 70, T
2014-08-02, 90, 67, 0.00
2014-08-03, 93, 73, 0.00
2014-08-04, 95, 74, 0.00
2014-08-05, 98, 74, 1.08
2014-08-06, 100, 79, 0.00
2014-08-07, 102, 80, 0.00
2014-08-08, 104, 81, 0.00
2014-08-09, 102, 79, 0.00
2014-08-10, 101, 80, 0.01
2014-08-11, 95, 79, 0.00
2014-08-12, 93, 76, 0.00
2014-08-13, 95, 71, 0.00
2014-08-14, 95, 72, 0.00
2014-08-15, 100, 75, 0.00
2014-08-16, 101, 81, 0.02
2014-08-17, 90, 70, 2.83
2014-08-18, 92, 74, T
2014-08-19, 94, 76, 0.00
2014-08-20, 97, 79, 0.00
2014-08-21, 99, 79, 0.00
2014-08-22, 100, 80, 0.00
2014-08-23, 99, 78, 0.00
2014-08-24, 99, 79, 0.00
2014-08-25, 100, 78, 0.00
2014-08-26, 97, 78, 0.00
2014-08-27, 95, 77, 0.00
2014-08-28, 96, 74, 0.00
2014-08-29, 94, 71, 0.40
2014-08-30, 94, 76, 0.00
2014-08-31, 95, 76, 0.00
2014-09-01, 97, 78, 0.00
2014-09-02, 97, 79, 0.00
2014-09-03, 97, 78, 0.00
2014-09-04, 97, 78, 0.00
2014-09-05, 96, 76, 0.00
2014-09-06, 96, 74, T
2014-09-07, 89, 72, 0.00
2014-09-08, 95, 73, 0.00
2014-09-09, 98, 78, 0.00
2014-09-10, 101, 79, 0.00
2014-09-11, 87, 73, 0.02
2014-09-12, 73, 59, 0.04
2014-09-13, 71, 56, T
2014-09-14, 79, 63, 0.00
2014-09-15, 86, 71, T
2014-09-16, 92, 75, 0.00
2014-09-17, 95, 73, T
2014-09-18, 89, 73, 0.00
2014-09-19, 89, 68, T
2014-09-20, 92, 72, 0.00
2014-09-21, 95, 71, 0.00
2014-09-22, 88, 70, 0.00
2014-09-23, 84, 63, 0.00
2014-09-24, 88, 60, 0.00
2014-09-25, 87, 63, 0.00
2014-09-26, 87, 66, 0.00
2014-09-27, 88, 68, 0.00
2014-09-28, 89, 66, 0.00
2014-09-29, 90, 67, 0.00
2014-09-30, 92, 70, 0.00
2014-10-01, 93, 74, 0.00
2014-10-02, 95, 67, 0.32
2014-10-03, 82, 59, 0.00
2014-10-04, 79, 50, 0.00
2014-10-05, 86, 57, 0.00
2014-10-06, 85, 67, 0.03
2014-10-07, 98, 68, 0.00
2014-10-08, 91, 73, 0.00
2014-10-09, 94, 76, 0.00
2014-10-10, 92, 64, 0.31
2014-10-11, 66, 57, 0.13
2014-10-12, 75, 52, T
2014-10-13, 75, 59, 1.29
2014-10-14, 77, 56, 0.00
2014-10-15, 83, 51, 0.00
2014-10-16, 89, 54, 0.00
2014-10-17, 86, 58, 0.00
2014-10-18, 82, 61, 0.00
2014-10-19, 76, 58, 0.00
2014-10-20, 82, 58, 0.00
2014-10-21, 82, 59, 0.00
2014-10-22, 80, 61, 0.00
2014-10-23, 79, 63, 0.01
2014-10-24, 84, 60, 0.00
2014-10-25, 88, 64, 0.00
2014-10-26, 88, 63, 0.00
2014-10-27, 85, 66, 0.00
2014-10-28, 77, 64, T
2014-10-29, 76, 54, 0.00
2014-10-30, 78, 52, T
2014-10-31, 67, 47, 0.00
2014-11-01, 62, 37, 0.00
2014-11-02, 68, 46, 0.00
2014-11-03, 76, 54, 0.00
2014-11-04, 70, 52, 1.24
2014-11-05, 56, 50, 0.17
2014-11-06, 70, 43, 0.00
2014-11-07, 67, 42, 0.00
2014-11-08, 70, 46, 0.00
2014-11-09, 73, 39, 0.00
2014-11-10, 79, 51, 0.00
2014-11-11, 66, 38, T
2014-11-12, 40, 31, 0.00
2014-11-13, 38, 28, T
2014-11-14, 40, 25, 0.00
2014-11-15, 45, 37, T
2014-11-16, 40, 27, 0.04
2014-11-17, 44, 23, 0.00
2014-11-18, 56, 22, 0.00
2014-11-19, 64, 33, 0.00
2014-11-20, 71, 41, 0.00
2014-11-21, 68, 58, 0.02
2014-11-22, 60, 52, 0.66
2014-11-23, 77, 48, 0.00
2014-11-24, 60, 41, 0.00
2014-11-25, 61, 35, 0.00
2014-11-26, 64, 37, 0.00
2014-11-27, 57, 36, 0.00
2014-11-28, 69, 39, 0.00
2014-11-29, 77, 49, 0.00
2014-11-30, 79, 61, 0.00
2014-12-01, 66, 31, 0.00
2014-12-02, 48, 31, 0.00
2014-12-03, 57, 48, 0.00
2014-12-04, 64, 55, 0.01
2014-12-05, 77, 55, 0.02
2014-12-06, 65, 45, 0.00
2014-12-07, 52, 42, T
2014-12-08, 56, 40, 0.00
2014-12-09, 55, 36, 0.00
2014-12-10, 56, 40, T
2014-12-11, 66, 50, 0.00
2014-12-12, 71, 58, T
2014-12-13, 71, 57, 0.00
2014-12-14, 67, 61, 0.09
2014-12-15, 65, 49, 0.02
2014-12-16, 53, 39, 0.00
2014-12-17, 47, 40, 0.37
2014-12-18, 49, 41, 0.01
2014-12-19, 49, 45, 0.13
2014-12-20, 47, 44, T
2014-12-21, 53, 47, T
2014-12-22, 65, 49, 0.00
2014-12-23, 53, 44, 0.47
2014-12-24, 51, 36, 0.00
2014-12-25, 62, 34, 0.00
2014-12-26, 66, 50, 0.01
2014-12-27, 62, 35, T
2014-12-28, 49, 33, 0.00
2014-12-29, 52, 29, 0.00
2014-12-30, 46, 36, 0.00
2014-12-31, 36, 32, T
2015-01-01, 36, 31, 0.59
2015-01-02, 40, 36, 0.37
2015-01-03, 54, 38, 0.33
2015-01-04, 42, 28, 0.00
2015-01-05, 46, 21, 0.00
2015-01-06, 58, 30, 0.00
2015-01-07, 40, 22, 0.00
2015-01-08, 38, 16, 0.00
2015-01-09, 39, 27, 0.00
2015-01-10, 38, 31, 0.05
2015-01-11, 42, 33, 0.37
2015-01-12, 44, 35, T
2015-01-13, 39, 31, T
2015-01-14, 41, 36, 0.00
2015-01-15, 56, 34, 0.00
2015-01-16, 63, 31, 0.00
2015-01-17, 68, 39, 0.00
2015-01-18, 70, 33, 0.00
2015-01-19, 69, 38, 0.00
2015-01-20, 70, 39, 0.00
2015-01-21, 61, 40, 0.32
2015-01-22, 47, 36, 1.05
2015-01-23, 52, 38, 0.00
2015-01-24, 60, 33, 0.00
2015-01-25, 64, 41, 0.00
2015-01-26, 72, 34, 0.00
2015-01-27, 78, 41, 0.00
2015-01-28, 80, 47, 0.00
2015-01-29, 69, 49, 0.00
2015-01-30, 57, 40, 0.00
2015-01-31, 54, 47, 0.54
2015-02-01, 58, 34, 0.10
2015-02-02, 42, 24, 0.00
2015-02-03, 54, 31, 0.00
2015-02-04, 57, 37, T
2015-02-05, 37, 29, T
2015-02-06, 58, 32, 0.00
2015-02-07, 69, 42, 0.00
2015-02-08, 73, 51, 0.00
2015-02-09, 75, 46, 0.00
2015-02-10, 75, 45, 0.00
2015-02-11, 67, 45, 0.00
2015-02-12, 55, 36, 0.00
2015-02-13, 67, 35, 0.00
2015-02-14, 78, 40, 0.00
2015-02-15, 73, 50, T
2015-02-16, 62, 29, 0.22
2015-02-17, 54, 28, 0.05
2015-02-18, 57, 30, 0.00
2015-02-19, 60, 32, 0.00
2015-02-20, 70, 46, T
2015-02-21, 67, 46, 0.00
2015-02-22, 50, 29, 1.30
2015-02-23, 30, 26, 0.17
2015-02-24, 37, 25, T
2015-02-25, 52, 32, 0.66
2015-02-26, 38, 30, T
2015-02-27, 30, 24, 0.26
2015-02-28, 32, 26, 0.20
2015-03-01, 37, 32, 0.07
2015-03-02, 40, 33, 0.03
2015-03-03, 52, 40, 0.05
2015-03-04, 52, 26, 0.70
2015-03-05, 39, 22, 0.06
2015-03-06, 51, 22, 0.00
2015-03-07, 61, 28, 0.00
2015-03-08, 50, 46, 0.08
2015-03-09, 50, 47, 0.65
2015-03-10, 59, 49, T
2015-03-11, 68, 44, 0.00
2015-03-12, 69, 49, T
2015-03-13, 60, 54, 0.34
2015-03-14, 64, 55, 0.00
2015-03-15, 68, 54, T
2015-03-16, 77, 50, 0.00
2015-03-17, 81, 60, 0.00
2015-03-18, 66, 55, 0.03
2015-03-19, 77, 56, T
2015-03-20, 61, 53, 0.40
2015-03-21, 63, 53, 0.06
2015-03-22, 69, 52, 0.06
2015-03-23, 75, 51, 0.00
2015-03-24, 82, 59, 0.00
2015-03-25, 81, 63, T
2015-03-26, 72, 49, T
2015-03-27, 70, 43, 0.00
2015-03-28, 81, 45, 0.00
2015-03-29, 83, 53, 0.00
2015-03-30, 75, 58, 0.00
2015-03-31, 83, 63, 0.00
2015-04-01, 79, 65, 0.10
2015-04-02, 83, 68, 0.00
2015-04-03, 73, 57, 0.00
2015-04-04, 68, 47, T
2015-04-05, 61, 51, 0.75
2015-04-06, 83, 58, T
2015-04-07, 80, 70, 0.00
2015-04-08, 76, 67, T
2015-04-09, 83, 65, 0.09
2015-04-10, 70, 52, 0.00
2015-04-11, 75, 52, 0.00
2015-04-12, 78, 65, 0.02
2015-04-13, 70, 58, 1.08
2015-04-14, 60, 55, 0.03
2015-04-15, 75, 56, 0.00
2015-04-16, 78, 59, T
2015-04-17, 72, 59, 0.53
2015-04-18, 81, 58, 0.48
2015-04-19, 77, 54, 0.00
2015-04-20, 69, 46, 0.00
2015-04-21, 73, 48, 0.05
2015-04-22, 77, 58, 0.00
2015-04-23, 74, 65, 0.50
2015-04-24, 68, 59, 1.03
2015-04-25, 87, 55, 0.00
2015-04-26, 84, 58, 0.02
2015-04-27, 73, 54, 0.83
2015-04-28, 59, 49, 0.05
2015-04-29, 75, 49, 0.00
2015-04-30, 78, 51, 0.00
2015-05-01, 82, 54, 0.00
2015-05-02, 81, 59, 0.00
2015-05-03, 79, 60, 0.00
2015-05-04, 81, 65, 0.00
2015-05-05, 81, 61, 0.14
2015-05-06, 82, 68, 0.43
2015-05-07, 82, 64, 1.34
2015-05-08, 83, 67, T
2015-05-09, 82, 69, 0.04
2015-05-10, 79, 63, 1.49
2015-05-11, 73, 60, 0.00
2015-05-12, 72, 58, 0.06
2015-05-13, 69, 62, 1.11
2015-05-14, 83, 64, T
2015-05-15, 78, 68, 0.01
2015-05-16, 84, 69, T
2015-05-17, 79, 64, 1.68
2015-05-18, 88, 64, 0.00
2015-05-19, 80, 70, T
2015-05-20, 86, 62, T
2015-05-21, 66, 55, 0.57
2015-05-22, 68, 57, 0.55
2015-05-23, 81, 67, 0.73
2015-05-24, 76, 63, 3.30
2015-05-25, 76, 59, 0.43
2015-05-26, 81, 58, 0.43
2015-05-27, 85, 58, T
2015-05-28, 88, 64, 1.56
2015-05-29, 77, 65, 2.20
2015-05-30, 76, 64, 0.89
2015-05-31, 78, 59, 0.00
2015-06-01, 84, 59, 0.00
2015-06-02, 87, 65, 0.00
2015-06-03, 90, 67, 0.00
2015-06-04, 91, 68, 0.00
2015-06-05, 91, 68, 0.00
2015-06-06, 92, 71, 0.00
2015-06-07, 93, 71, 0.00
2015-06-08, 95, 73, 0.00
2015-06-09, 95, 74, 0.00
2015-06-10, 97, 72, 0.00
2015-06-11, 93, 74, 0.00
2015-06-12, 93, 76, 0.00
2015-06-13, 89, 78, T
2015-06-14, 88, 76, 0.00
2015-06-15, 92, 76, 0.02
2015-06-16, 84, 76, 0.13
2015-06-17, 80, 74, 2.21
2015-06-18, 95, 75, T
2015-06-19, 95, 73, 0.00
2015-06-20, 86, 76, T
2015-06-21, 90, 74, 0.07
2015-06-22, 94, 73, 0.00
2015-06-23, 94, 74, 0.00
2015-06-24, 95, 77, 0.00
2015-06-25, 95, 76, 0.00
2015-06-26, 95, 72, 1.29
2015-06-27, 90, 74, 0.20
2015-06-28, 92, 72, 0.00
2015-06-29, 96, 75, 0.00
2015-06-30, 95, 71, 0.03
2015-07-01, 94, 75, 0.00
2015-07-02, 93, 74, 0.00
2015-07-03, 92, 79, 0.00
2015-07-04, 94, 78, 0.00
2015-07-05, 93, 77, 0.00
2015-07-06, 93, 80, 0.00
2015-07-07, 92, 80, 0.00
2015-07-08, 85, 74, 0.92
2015-07-09, 92, 77, 0.00
2015-07-10, 92, 73, 0.00
2015-07-11, 94, 76, 0.00
2015-07-12, 96, 77, 0.00
2015-07-13, 98, 77, 0.00
2015-07-14, 98, 79, 0.00
2015-07-15, 96, 76, 0.00
2015-07-16, 96, 75, 0.00
2015-07-17, 97, 79, 0.00
2015-07-18, 99, 79, 0.00
2015-07-19, 99, 78, 0.00
2015-07-20, 99, 78, 0.00
2015-07-21, 97, 79, 0.00
2015-07-22, 98, 80, 0.00
2015-07-23, 99, 80, 0.00
2015-07-24, 99, 79, 0.00
2015-07-25, 99, 79, 0.00
2015-07-26, 100, 77, 0.00
2015-07-27, 100, 78, 0.00
2015-07-28, 99, 80, 0.00
2015-07-29, 102, 79, 0.00
2015-07-30, 104, 80, 0.00
2015-07-31, 98, 81, 0.00
2015-08-01, 97, 78, 0.00
2015-08-02, 99, 77, 0.00
2015-08-03, 101, 77, 0.00
2015-08-04, 99, 79, 0.00
2015-08-05, 103, 82, 0.00
2015-08-06, 103, 83, 0.00
2015-08-07, 103, 82, 0.00
2015-08-08, 103, 81, 0.00
2015-08-09, 106, 80, 0.00
2015-08-10, 106, 79, 0.00
2015-08-11, 104, 83, 0.00
2015-08-12, 99, 79, 0.00
2015-08-13, 98, 76, 0.00
2015-08-14, 97, 78, 0.00
2015-08-15, 96, 76, 0.00
2015-08-16, 98, 74, 0.00
2015-08-17, 98, 76, 0.00
2015-08-18, 99, 80, 0.00
2015-08-19, 91, 68, 0.06
2015-08-20, 75, 65, 0.40
2015-08-21, 93, 71, 0.00
2015-08-22, 97, 76, 0.00
2015-08-23, 98, 79, 0.00
2015-08-24, 100, 78, 0.00
2015-08-25, 93, 78, 0.00
2015-08-26, 95, 74, 0.00
2015-08-27, 97, 72, 0.00
2015-08-28, 97, 72, 0.00
2015-08-29, 96, 78, T
2015-08-30, 97, 75, 0.00
2015-08-31, 95, 74, 0.00
2015-09-01, 95, 75, 0.00
2015-09-02, 95, 73, 0.00
2015-09-03, 95, 75, 0.00
2015-09-04, 96, 78, 0.00
2015-09-05, 97, 78, 0.00
2015-09-06, 100, 79, 0.00
2015-09-07, 101, 79, 0.00
2015-09-08, 99, 80, 0.00
2015-09-09, 88, 73, 2.00
2015-09-10, 94, 74, 0.00
2015-09-11, 94, 73, 0.00
2015-09-12, 86, 66, 0.00
2015-09-13, 91, 64, 0.00
2015-09-14, 90, 69, 0.00
2015-09-15, 89, 69, 0.00
2015-09-16, 92, 75, 0.00
2015-09-17, 94, 75, 0.00
2015-09-18, 95, 76, 0.00
2015-09-19, 86, 74, 0.14
2015-09-20, 88, 72, 0.00
2015-09-21, 95, 69, 0.00
2015-09-22, 94, 72, 0.00
2015-09-23, 93, 71, 0.00
2015-09-24, 93, 70, 0.00
2015-09-25, 93, 71, 0.00
2015-09-26, 91, 67, 0.00
2015-09-27, 91, 67, 0.00
2015-09-28, 90, 68, 0.00
2015-09-29, 92, 71, 0.00
2015-09-30, 92, 70, 0.00
2015-10-01, 81, 65, T
2015-10-02, 81, 57, 0.00
2015-10-03, 80, 54, 0.00
2015-10-04, 81, 57, 0.00
2015-10-05, 82, 63, 0.00
2015-10-06, 84, 58, 0.00
2015-10-07, 89, 66, 0.00
2015-10-08, 91, 68, 0.00
2015-10-09, 90, 66, 0.00
2015-10-10, 84, 59, 0.00
2015-10-11, 95, 64, 0.00
2015-10-12, 94, 73, 0.00
2015-10-13, 90, 56, 0.00
2015-10-14, 96, 57, 0.00
2015-10-15, 95, 63, 0.00
2015-10-16, 85, 63, 0.00
2015-10-17, 79, 58, 0.00
2015-10-18, 79, 54, 0.00
2015-10-19, 83, 54, 0.00
2015-10-20, 84, 57, 0.00
2015-10-21, 86, 69, T
2015-10-22, 78, 66, 2.58
2015-10-23, 76, 69, 3.55
2015-10-24, 69, 60, 1.41
2015-10-25, 65, 57, 0.03
2015-10-26, 77, 55, 0.00
2015-10-27, 79, 58, 0.00
2015-10-28, 77, 55, 0.00
2015-10-29, 78, 51, 0.00
2015-10-30, 69, 61, 1.75
2015-10-31, 68, 59, 0.50
2015-11-01, 66, 56, 0.01
2015-11-02, 74, 52, 0.00
2015-11-03, 72, 57, 0.00
2015-11-04, 76, 60, 0.05
2015-11-05, 81, 67, 0.10
2015-11-06, 70, 56, T
2015-11-07, 69, 51, 0.17
2015-11-08, 68, 46, T
2015-11-09, 68, 53, 0.00
2015-11-10, 77, 51, 0.00
2015-11-11, 83, 59, T
2015-11-12, 68, 47, 0.00
2015-11-13, 68, 45, 0.00
2015-11-14, 65, 47, 0.00
2015-11-15, 64, 54, 0.46
2015-11-16, 75, 55, 0.30
2015-11-17, 76, 53, 0.74
2015-11-18, 71, 49, 0.00
2015-11-19, 70, 46, 0.00
2015-11-20, 74, 50, 0.00
2015-11-21, 60, 38, 0.00
2015-11-22, 56, 30, 0.00
2015-11-23, 64, 36, 0.00
2015-11-24, 66, 43, 0.00
2015-11-25, 75, 61, T
2015-11-26, 72, 66, 2.71
2015-11-27, 70, 39, 3.45
2015-11-28, 42, 38, 0.99
2015-11-29, 44, 40, 0.88
2015-11-30, 50, 43, T
2015-12-01, 52, 38, 0.00
2015-12-02, 60, 38, 0.00
2015-12-03, 61, 35, 0.00
2015-12-04, 60, 39, 0.00
2015-12-05, 61, 37, 0.00
2015-12-06, 65, 41, 0.00
2015-12-07, 68, 38, 0.00
2015-12-08, 72, 44, 0.00
2015-12-09, 71, 44, 0.00
2015-12-10, 76, 49, 0.00
2015-12-11, 77, 45, 0.00
2015-12-12, 75, 70, 0.06
2015-12-13, 74, 51, 0.65
2015-12-14, 70, 44, 0.00
2015-12-15, 72, 48, T
2015-12-16, 61, 43, 0.00
2015-12-17, 60, 33, 0.00
2015-12-18, 51, 31, 0.00
2015-12-19, 63, 34, 0.00
2015-12-20, 65, 49, 0.00
2015-12-21, 73, 49, 0.00
2015-12-22, 74, 44, T
2015-12-23, 75, 53, 0.00
2015-12-24, 75, 50, 0.00
2015-12-25, 73, 44, 0.00
2015-12-26, 82, 50, 0.79
2015-12-27, 51, 41, 1.79
2015-12-28, 41, 33, 0.54
2015-12-29, 47, 31, 0.00
2015-12-30, 53, 36, 0.00
2015-12-31, 53, 33, 0.00
2016-01-01, 49, 39, 0.00
2016-01-02, 51, 38, 0.00
2016-01-03, 60, 37, 0.00
2016-01-04, 54, 32, 0.00
2016-01-05, 47, 32, 0.00
2016-01-06, 50, 42, 0.78
2016-01-07, 64, 48, 0.06
2016-01-08, 58, 43, 0.00
2016-01-09, 47, 36, T
2016-01-10, 43, 28, 0.00
2016-01-11, 50, 31, 0.00
2016-01-12, 63, 31, 0.00
2016-01-13, 67, 37, 0.00
2016-01-14, 68, 40, 0.00
2016-01-15, 64, 45, 0.00
2016-01-16, 48, 35, 0.01
2016-01-17, 55, 29, 0.00
2016-01-18, 46, 27, 0.00
2016-01-19, 66, 35, 0.00
2016-01-20, 51, 33, 0.00
2016-01-21, 52, 37, 0.19
2016-01-22, 49, 31, 0.00
2016-01-23, 50, 27, 0.00
2016-01-24, 63, 37, 0.00
2016-01-25, 66, 48, 0.00
2016-01-26, 49, 39, 0.00
2016-01-27, 56, 31, 0.00
2016-01-28, 69, 33, 0.00
2016-01-29, 77, 38, 0.00
2016-01-30, 76, 45, 0.00
2016-01-31, 73, 49, 0.00
2016-02-01, 73, 43, T
2016-02-02, 66, 45, 0.00
2016-02-03, 52, 36, 0.00
2016-02-04, 55, 31, 0.00
2016-02-05, 59, 32, 0.00
2016-02-06, 54, 35, T
2016-02-07, 65, 32, 0.00
2016-02-08, 57, 41, 0.00
2016-02-09, 63, 38, 0.00
2016-02-10, 74, 34, 0.00
2016-02-11, 75, 41, 0.00
2016-02-12, 71, 41, 0.00
2016-02-13, 67, 36, 0.00
2016-02-14, 67, 58, 0.00
2016-02-15, 72, 50, T
2016-02-16, 73, 44, 0.00
2016-02-17, 71, 43, 0.00
2016-02-18, 75, 48, 0.00
2016-02-19, 79, 61, 0.00
2016-02-20, 77, 65, 0.00
2016-02-21, 72, 54, 0.35
2016-02-22, 61, 51, 0.10
2016-02-23, 55, 42, 1.75
2016-02-24, 61, 41, 0.00
2016-02-25, 59, 41, 0.00
2016-02-26, 61, 32, 0.00
2016-02-27, 72, 41, 0.00
2016-02-28, 76, 54, 0.00
2016-02-29, 77, 50, 0.00
2016-03-01, 71, 49, 0.00
2016-03-02, 71, 44, 0.00
2016-03-03, 74, 51, 0.00
2016-03-04, 71, 41, 0.00
2016-03-05, 78, 48, 0.00
2016-03-06, 72, 54, 0.00
2016-03-07, 73, 63, 0.04
2016-03-08, 70, 54, 0.97
2016-03-09, 62, 58, 0.57
2016-03-10, 63, 58, 0.33
2016-03-11, 62, 59, 0.08
2016-03-12, 72, 57, 0.10
2016-03-13, 80, 56, 0.00
2016-03-14, 89, 51, 0.00
2016-03-15, 83, 57, 0.00
2016-03-16, 77, 50, 0.00
2016-03-17, 68, 56, T
2016-03-18, 67, 49, T
2016-03-19, 60, 42, 0.00
2016-03-20, 57, 39, 0.00
2016-03-21, 66, 34, 0.00
2016-03-22, 76, 49, 0.00
2016-03-23, 82, 59, 0.42
2016-03-24, 63, 46, 0.00
2016-03-25, 69, 41, 0.00
2016-03-26, 76, 47, 0.00
2016-03-27, 64, 50, 0.00
2016-03-28, 70, 43, 0.00
2016-03-29, 75, 52, 0.00
2016-03-30, 80, 64, 0.16
2016-03-31, 75, 56, 0.00
2016-04-01, 65, 52, T
2016-04-02, 70, 45, 0.00
2016-04-03, 77, 43, 0.00
2016-04-04, 85, 48, 0.00
2016-04-05, 86, 55, 0.00
2016-04-06, 79, 58, 0.00
2016-04-07, 86, 51, 0.00
2016-04-08, 75, 54, 0.00
2016-04-09, 71, 55, 0.04
2016-04-10, 77, 62, 0.00
2016-04-11, 89, 61, 0.04
2016-04-12, 71, 58, 0.02
2016-04-13, 62, 54, 0.01
2016-04-14, 76, 57, 0.00
2016-04-15, 75, 54, 0.00
2016-04-16, 81, 64, T
2016-04-17, 71, 62, 1.60
2016-04-18, 75, 64, 0.79
2016-04-19, 78, 63, 0.00
2016-04-20, 74, 61, 1.12
2016-04-21, 80, 61, 0.18
2016-04-22, 82, 57, 0.00
2016-04-23, 82, 57, 0.00
2016-04-24, 79, 63, 0.00
2016-04-25, 86, 68, 0.00
2016-04-26, 85, 63, 0.73
2016-04-27, 82, 62, 0.00
2016-04-28, 84, 59, T
2016-04-29, 87, 69, 0.07
2016-04-30, 76, 62, T
2016-05-01, 74, 58, 0.00
2016-05-02, 68, 54, 0.60
2016-05-03, 74, 48, 0.00
2016-05-04, 82, 58, 0.00
2016-05-05, 83, 57, 0.00
2016-05-06, 84, 55, 0.00
2016-05-07, 85, 58, 0.00
2016-05-08, 75, 69, 0.12
2016-05-09, 90, 67, 0.05
2016-05-10, 93, 71, 0.16
2016-05-11, 87, 65, 0.31
2016-05-12, 83, 67, T
2016-05-13, 84, 62, 0.00
2016-05-14, 74, 61, 0.58
2016-05-15, 75, 60, T
2016-05-16, 79, 65, 0.19
2016-05-17, 82, 62, 0.10
2016-05-18, 64, 57, 0.08
2016-05-19, 72, 60, 0.56
2016-05-20, 82, 59, 0.00
2016-05-21, 85, 63, 0.00
2016-05-22, 86, 71, 0.00
2016-05-23, 82, 66, 0.19
2016-05-24, 87, 74, 0.01
2016-05-25, 86, 78, 0.00
2016-05-26, 81, 67, 0.15
2016-05-27, 82, 66, 0.92
2016-05-28, 88, 67, T
2016-05-29, 88, 67, 0.40
2016-05-30, 85, 68, 0.67
2016-05-31, 86, 69, 1.16
2016-06-01, 83, 69, 0.40
2016-06-02, 76, 70, 1.82
2016-06-03, 86, 68, 0.16
2016-06-04, 88, 71, 0.12
2016-06-05, 90, 70, 0.00
2016-06-06, 89, 66, 0.00
2016-06-07, 94, 70, 0.00
2016-06-08, 93, 70, 0.00
2016-06-09, 93, 73, 0.00
2016-06-10, 93, 73, 0.00
2016-06-11, 90, 76, 0.12
2016-06-12, 93, 74, 0.84
2016-06-13, 92, 73, 0.14
2016-06-14, 93, 73, 0.00
2016-06-15, 95, 78, 0.00
2016-06-16, 98, 79, 0.00
2016-06-17, 98, 74, 0.00
2016-06-18, 97, 77, 0.00
2016-06-19, 95, 74, 0.00
2016-06-20, 98, 75, 0.00
2016-06-21, 98, 80, 0.00
2016-06-22, 97, 80, 0.00
2016-06-23, 96, 80, 0.00
2016-06-24, 95, 77, 0.00
2016-06-25, 96, 79, 0.00
2016-06-26, 97, 79, 0.00
2016-06-27, 99, 79, T
2016-06-28, 98, 78, 0.00
2016-06-29, 95, 75, 0.00
2016-06-30, 96, 76, 0.00
2016-07-01, 98, 76, 0.00
2016-07-02, 97, 80, 0.00
2016-07-03, 97, 78, 0.08
2016-07-04, 93, 72, 3.20
2016-07-05, 93, 75, 0.12
2016-07-06, 97, 79, 0.00
2016-07-07, 97, 78, 0.00
2016-07-08, 97, 79, 0.00
2016-07-09, 95, 73, 0.03
2016-07-10, 94, 72, 0.00
2016-07-11, 96, 79, 0.00
2016-07-12, 95, 77, 0.00
2016-07-13, 99, 79, 0.00
2016-07-14, 97, 79, 0.00
2016-07-15, 93, 71, 0.43
2016-07-16, 97, 75, 0.00
2016-07-17, 96, 79, 0.00
2016-07-18, 95, 79, 0.00
2016-07-19, 97, 80, 0.00
2016-07-20, 97, 80, 0.00
2016-07-21, 99, 79, 0.00
2016-07-22, 100, 79, 0.00
2016-07-23, 100, 81, 0.00
2016-07-24, 100, 81, 0.00
2016-07-25, 100, 79, 0.03
2016-07-26, 98, 77, 0.00
2016-07-27, 96, 79, 0.00
2016-07-28, 97, 79, 0.00
2016-07-29, 96, 77, 0.00
2016-07-30, 99, 81, 0.00
2016-07-31, 99, 81, 0.00
2016-08-01, 101, 79, 0.00
2016-08-02, 100, 77, 0.00
2016-08-03, 101, 80, 0.00
2016-08-04, 101, 82, 0.00
2016-08-05, 101, 81, 0.00
2016-08-06, 101, 82, 0.00
2016-08-07, 101, 83, 0.00
2016-08-08, 102, 82, 0.00
2016-08-09, 102, 83, 0.00
2016-08-10, 102, 83, 0.00
2016-08-11, 103, 82, 0.00
2016-08-12, 107, 79, 0.82
2016-08-13, 94, 78, 0.00
2016-08-14, 92, 75, T
2016-08-15, 80, 71, 0.06
2016-08-16, 86, 72, 0.00
2016-08-17, 83, 74, 0.05
2016-08-18, 90, 75, 0.08
2016-08-19, 86, 70, 2.10
2016-08-20, 83, 73, 1.15
2016-08-21, 91, 73, 0.00
2016-08-22, 90, 74, 0.08
2016-08-23, 94, 78, 0.00
2016-08-24, 94, 75, 0.00
2016-08-25, 95, 75, 0.00
2016-08-26, 91, 76, 0.00
2016-08-27, 92, 73, 0.00
2016-08-28, 92, 74, 0.00
2016-08-29, 92, 74, 0.08
2016-08-30, 94, 75, 0.00
2016-08-31, 95, 77, T
2016-09-01, 92, 74, T
2016-09-02, 89, 73, 0.00
2016-09-03, 90, 72, 0.00
2016-09-04, 93, 71, 0.00
2016-09-05, 93, 76, 0.00
2016-09-06, 94, 77, 0.00
2016-09-07, 95, 78, 0.00
2016-09-08, 95, 79, 0.00
2016-09-09, 95, 76, 0.00
2016-09-10, 85, 69, 0.11
2016-09-11, 89, 65, 0.00
2016-09-12, 92, 67, 0.00
2016-09-13, 94, 74, 0.00
2016-09-14, 93, 76, 0.00
2016-09-15, 95, 76, T
2016-09-16, 96, 76, T
2016-09-17, 96, 76, 0.00
2016-09-18, 98, 71, 0.02
2016-09-19, 100, 78, 0.35
2016-09-20, 100, 79, 0.00
2016-09-21, 95, 74, 0.00
2016-09-22, 94, 72, 0.00
2016-09-23, 94, 77, 0.00
2016-09-24, 91, 75, 0.38
2016-09-25, 80, 72, 0.12
2016-09-26, 72, 63, T
2016-09-27, 79, 64, 0.00
2016-09-28, 91, 57, 0.00
2016-09-29, 79, 62, 0.00
2016-09-30, 81, 58, 0.00
2016-10-01, 84, 62, 0.00
2016-10-02, 85, 61, 0.00
2016-10-03, 87, 63, 0.00
2016-10-04, 90, 71, 0.00
2016-10-05, 94, 74, 0.00
2016-10-06, 93, 75, 0.00
2016-10-07, 79, 61, 1.64
2016-10-08, 78, 55, 0.00
2016-10-09, 77, 54, 0.00
2016-10-10, 82, 56, 0.00
2016-10-11, 88, 56, 0.00
2016-10-12, 91, 63, 0.00
2016-10-13, 76, 60, 0.00
2016-10-14, 76, 61, 0.06
2016-10-15, 88, 68, 0.00
2016-10-16, 91, 74, 0.00
2016-10-17, 92, 73, 0.00
2016-10-18, 92, 74, 0.00
2016-10-19, 91, 73, 0.00
2016-10-20, 78, 59, 0.31
2016-10-21, 74, 53, 0.00
2016-10-22, 79, 51, 0.00
2016-10-23, 80, 57, 0.00
2016-10-24, 85, 66, 0.00
2016-10-25, 81, 63, 0.00
2016-10-26, 86, 65, 0.00
2016-10-27, 88, 64, 0.00
2016-10-28, 86, 64, 0.00
2016-10-29, 86, 65, 0.00
2016-10-30, 88, 63, 0.00
2016-10-31, 87, 61, 0.00
2016-11-01, 88, 70, 0.00
2016-11-02, 85, 74, 0.03
2016-11-03, 75, 68, 0.50
2016-11-04, 76, 65, T
2016-11-05, 71, 61, T
2016-11-06, 70, 61, 0.14
2016-11-07, 68, 60, 1.21
2016-11-08, 65, 61, 0.48
2016-11-09, 68, 56, 0.00
2016-11-10, 72, 51, 0.00
2016-11-11, 78, 52, 0.00
2016-11-12, 70, 54, 0.00
2016-11-13, 73, 54, 0.00
2016-11-14, 81, 56, 0.00
2016-11-15, 85, 50, 0.00
2016-11-16, 87, 53, 0.00
2016-11-17, 80, 58, 0.00
2016-11-18, 72, 49, 0.05
2016-11-19, 59, 38, 0.00
2016-11-20, 66, 37, 0.00
2016-11-21, 73, 39, 0.00
2016-11-22, 76, 62, T
2016-11-23, 68, 51, 0.00
2016-11-24, 73, 44, 0.00
2016-11-25, 64, 50, 0.00
2016-11-26, 67, 46, 0.00
2016-11-27, 69, 55, T
2016-11-28, 73, 54, 0.81
2016-11-29, 74, 51, 0.00
2016-11-30, 62, 42, 0.00
2016-12-01, 67, 36, 0.00
2016-12-02, 65, 43, 0.01
2016-12-03, 57, 48, 0.37
2016-12-04, 53, 48, 0.02
2016-12-05, 53, 47, 0.14
2016-12-06, 53, 45, 0.01
2016-12-07, 51, 35, 0.00
2016-12-08, 40, 28, 0.00
2016-12-09, 38, 24, 0.00
2016-12-10, 49, 33, 0.00
2016-12-11, 74, 46, T
2016-12-12, 55, 35, 0.00
2016-12-13, 59, 43, 0.00
2016-12-14, 53, 37, 0.00
2016-12-15, 46, 35, T
2016-12-16, 66, 46, T
2016-12-17, 73, 22, T
2016-12-18, 30, 17, 0.00
2016-12-19, 37, 16, 0.00
2016-12-20, 58, 28, 0.00
2016-12-21, 66, 38, 0.00
2016-12-22, 58, 41, 0.00
2016-12-23, 55, 40, 0.05
2016-12-24, 74, 54, 0.00
2016-12-25, 80, 69, T
2016-12-26, 73, 59, 0.00
2016-12-27, 71, 49, 0.00
2016-12-28, 83, 56, 0.00
2016-12-29, 60, 46, 0.00
2016-12-30, 60, 39, 0.00
2016-12-31, 74, 48, 0.00
2017-01-01, 66, 43, 0.07
2017-01-02, 73, 54, 0.50
2017-01-03, 61, 39, 0.00
2017-01-04, 40, 32, 0.00
2017-01-05, 40, 26, 0.00
2017-01-06, 27, 19, 0.01
2017-01-07, 40, 14, 0.00
2017-01-08, 49, 20, 0.00
2017-01-09, 69, 36, 0.00
2017-01-10, 79, 57, 0.00
2017-01-11, 80, 56, 0.00
2017-01-12, 78, 46, 0.00
2017-01-13, 49, 41, 0.20
2017-01-14, 44, 39, 0.01
2017-01-15, 66, 43, 3.16
2017-01-16, 66, 48, 0.01
2017-01-17, 51, 43, 0.29
2017-01-18, 54, 48, 0.12
2017-01-19, 67, 48, 0.00
2017-01-20, 78, 47, 0.00
2017-01-21, 73, 48, 0.02
2017-01-22, 66, 48, 0.00
2017-01-23, 68, 41, 0.00
2017-01-24, 80, 45, 0.00
2017-01-25, 64, 42, 0.00
2017-01-26, 53, 33, 0.00
2017-01-27, 57, 33, 0.00
2017-01-28, 58, 38, 0.00
2017-01-29, 69, 42, 0.00
2017-01-30, 78, 41, 0.00
2017-01-31, 80, 42, 0.00
2017-02-01, 80, 53, 0.00
2017-02-02, 55, 43, 0.00
2017-02-03, 54, 41, 0.00
2017-02-04, 53, 46, T
2017-02-05, 78, 50, T
2017-02-06, 82, 64, 0.00
2017-02-07, 80, 59, 0.00
2017-02-08, 69, 45, 0.00
2017-02-09, 61, 36, 0.00
2017-02-10, 77, 46, 0.00
2017-02-11, 88, 63, 0.00
2017-02-12, 73, 60, 0.00
2017-02-13, 66, 47, 0.32
2017-02-14, 49, 43, 1.19
2017-02-15, 61, 42, 0.00
2017-02-16, 68, 37, 0.00
2017-02-17, 71, 46, 0.00
2017-02-18, 82, 59, 0.00
2017-02-19, 77, 58, 0.00
2017-02-20, 71, 56, 0.51
2017-02-21, 77, 51, 0.00
2017-02-22, 86, 47, 0.00
2017-02-23, 88, 55, 0.00
2017-02-24, 71, 47, 0.00
2017-02-25, 55, 35, 0.00
2017-02-26, 63, 40, 0.31
2017-02-27, 80, 59, T
2017-02-28, 83, 69, 0.00
2017-03-01, 73, 47, 0.00
2017-03-02, 67, 40, 0.00
2017-03-03, 72, 42, 0.00
2017-03-04, 62, 50, 0.04
2017-03-05, 66, 53, 0.14
2017-03-06, 84, 66, 0.00
2017-03-07, 73, 52, T
2017-03-08, 78, 45, 0.00
2017-03-09, 81, 61, 0.00
2017-03-10, 72, 60, 0.00
2017-03-11, 76, 50, T
2017-03-12, 55, 43, T
2017-03-13, 66, 44, 0.01
2017-03-14, 66, 37, 0.00
2017-03-15, 67, 45, 0.00
2017-03-16, 75, 54, 0.00
2017-03-17, 80, 67, 0.00
2017-03-18, 85, 65, 0.00
2017-03-19, 86, 63, 0.00
2017-03-20, 92, 67, 0.00
2017-03-21, 87, 63, 0.00
2017-03-22, 86, 65, 0.00
2017-03-23, 87, 66, 0.00
2017-03-24, 80, 59, 0.32
2017-03-25, 74, 55, 0.00
2017-03-26, 86, 51, 0.00
2017-03-27, 73, 59, 0.00
2017-03-28, 82, 59, T
2017-03-29, 83, 58, 0.55
2017-03-30, 80, 53, 0.00
2017-03-31, 86, 54, 0.00
2017-04-01, 77, 59, 0.00
2017-04-02, 72, 60, 2.14
2017-04-03, 80, 51, 0.00
2017-04-04, 86, 58, 0.00
2017-04-05, 73, 49, 0.00
2017-04-06, 78, 47, 0.00
2017-04-07, 80, 51, 0.00
2017-04-08, 83, 60, 0.00
2017-04-09, 84, 67, 0.00
2017-04-10, 82, 66, 0.53
2017-04-11, 77, 61, 0.20
2017-04-12, 77, 62, T
2017-04-13, 83, 62, 0.00
2017-04-14, 82, 68, 0.00
2017-04-15, 81, 66, 0.00
2017-04-16, 81, 67, T
2017-04-17, 76, 64, 0.45
2017-04-18, 82, 62, 0.00
2017-04-19, 85, 65, 0.00
2017-04-20, 85, 70, 0.00
2017-04-21, 85, 62, T
2017-04-22, 64, 54, T
2017-04-23, 75, 49, 0.00
2017-04-24, 78, 49, 0.00
2017-04-25, 86, 63, 0.00
2017-04-26, 76, 51, 0.05
2017-04-27, 77, 46, 0.00
2017-04-28, 88, 66, 0.00
2017-04-29, 91, 57, T
2017-04-30, 71, 50, 0.01
2017-05-01, 85, 49, 0.00
2017-05-02, 88, 58, 0.00
2017-05-03, 82, 59, 0.02
2017-05-04, 77, 55, 0.00
2017-05-05, 81, 54, 0.00
2017-05-06, 88, 54, 0.00
2017-05-07, 88, 59, 0.00
2017-05-08, 85, 64, 0.00
2017-05-09, 82, 67, 0.00
2017-05-10, 82, 72, T
2017-05-11, 89, 69, 0.02
2017-05-12, 82, 62, 0.00
2017-05-13, 84, 58, 0.00
2017-05-14, 91, 60, 0.00
2017-05-15, 90, 69, 0.00
2017-05-16, 85, 70, 0.00
2017-05-17, 91, 69, 0.12
2017-05-18, 94, 77, T
2017-05-19, 89, 72, T
2017-05-20, 82, 67, 0.06
2017-05-21, 82, 63, 0.08
2017-05-22, 82, 62, 0.18
2017-05-23, 78, 62, 0.05
2017-05-24, 83, 58, 0.00
2017-05-25, 93, 60, 0.00
2017-05-26, 96, 75, 0.00
2017-05-27, 92, 80, 0.00
2017-05-28, 83, 72, 0.17
2017-05-29, 89, 67, 0.00
2017-05-30, 92, 66, 0.00
2017-05-31, 92, 70, 0.00
2017-06-01, 87, 72, 0.15
2017-06-02, 87, 69, 1.71
2017-06-03, 82, 69, 1.07
2017-06-04, 88, 70, 0.09
2017-06-05, 87, 69, T
2017-06-06, 95, 71, 0.00
2017-06-07, 91, 73, 0.00
2017-06-08, 89, 70, 0.00
2017-06-09, 81, 66, 0.74
2017-06-10, 90, 72, 0.00
2017-06-11, 90, 74, 0.00
2017-06-12, 94, 77, 0.00
2017-06-13, 94, 78, 0.00
2017-06-14, 94, 79, 0.00
2017-06-15, 95, 78, 0.00
2017-06-16, 96, 79, 0.00
2017-06-17, 94, 79, 0.00
2017-06-18, 95, 80, 0.00
2017-06-19, 93, 74, 0.19
2017-06-20, 94, 77, 0.00
2017-06-21, 94, 74, 0.00
2017-06-22, 93, 75, 0.00
2017-06-23, 100, 77, 0.14
2017-06-24, 84, 70, 3.84
2017-06-25, 88, 72, 0.00
2017-06-26, 88, 73, 0.00
2017-06-27, 92, 74, 0.51
2017-06-28, 91, 73, 0.00
2017-06-29, 93, 75, 0.00
2017-06-30, 96, 76, T
2017-07-01, 84, 70, 1.20
2017-07-02, 96, 74, 0.00
2017-07-03, 94, 79, 0.00
2017-07-04, 93, 70, 0.33
2017-07-05, 94, 76, 0.07
2017-07-06, 95, 73, 0.99
2017-07-07, 96, 78, 0.00
2017-07-08, 97, 77, 0.15
2017-07-09, 93, 75, T
2017-07-10, 95, 73, 0.00
2017-07-11, 96, 78, 0.00
2017-07-12, 95, 79, 0.00
2017-07-13, 96, 79, 0.00
2017-07-14, 100, 79, 0.00
2017-07-15, 94, 79, 0.04
2017-07-16, 97, 77, 0.00
2017-07-17, 95, 78, 0.00
2017-07-18, 96, 79, 0.00
2017-07-19, 98, 80, 0.00
2017-07-20, 100, 80, 0.00
2017-07-21, 100, 81, 0.00
2017-07-22, 101, 80, 0.00
2017-07-23, 101, 73, 0.87
2017-07-24, 92, 73, 0.47
2017-07-25, 96, 78, 0.00
2017-07-26, 98, 80, 0.00
2017-07-27, 99, 80, 0.00
2017-07-28, 102, 83, 0.00
2017-07-29, 99, 79, 0.00
2017-07-30, 94, 79, 0.00
2017-07-31, 93, 73, 0.00
2017-08-01, 91, 75, 0.04
2017-08-02, 81, 73, 0.43
2017-08-03, 94, 75, T
2017-08-04, 96, 75, 0.00
2017-08-05, 97, 76, 0.00
2017-08-06, 99, 78, 0.04
2017-08-07, 94, 75, 0.00
2017-08-08, 91, 75, 0.01
2017-08-09, 94, 74, 0.00
2017-08-10, 100, 75, 0.00
2017-08-11, 100, 81, 0.00
2017-08-12, 98, 76, 1.78
2017-08-13, 92, 77, 0.29
2017-08-14, 93, 74, 0.62
2017-08-15, 95, 80, 0.00
2017-08-16, 96, 81, 0.00
2017-08-17, 93, 73, 0.17
2017-08-18, 93, 75, T
2017-08-19, 100, 78, 0.00
2017-08-20, 98, 81, 0.00
2017-08-21, 95, 79, 0.00
2017-08-22, 99, 79, 0.00
2017-08-23, 91, 76, T
2017-08-24, 90, 76, 0.34
2017-08-25, 88, 77, 0.01
2017-08-26, 83, 75, 0.05
2017-08-27, 84, 74, 0.46
2017-08-28, 88, 73, 0.00
2017-08-29, 90, 71, 0.00
2017-08-30, 90, 71, 0.00
2017-08-31, 90, 71, 0.00
2017-09-01, 92, 70, 0.00
2017-09-02, 96, 72, 0.00
2017-09-03, 96, 73, 0.00
2017-09-04, 95, 74, 0.00
2017-09-05, 91, 73, 0.00
2017-09-06, 85, 65, 0.00
2017-09-07, 86, 61, 0.00
2017-09-08, 85, 62, 0.00
2017-09-09, 87, 65, 0.00
2017-09-10, 87, 64, 0.00
2017-09-11, 86, 66, 0.00
2017-09-12, 85, 60, 0.00
2017-09-13, 91, 62, 0.00
2017-09-14, 98, 65, 0.00
2017-09-15, 95, 74, 0.00
2017-09-16, 95, 74, 0.00
2017-09-17, 96, 74, 0.00
2017-09-18, 95, 73, 0.00
2017-09-19, 98, 76, T
2017-09-20, 99, 78, 0.00
2017-09-21, 97, 78, 0.00
2017-09-22, 95, 75, 0.00
2017-09-23, 96, 73, 0.00
2017-09-24, 94, 74, 0.00
2017-09-25, 93, 72, 0.00
2017-09-26, 91, 77, 0.00
2017-09-27, 92, 72, 0.17
2017-09-28, 79, 69, 0.16
2017-09-29, 72, 67, 0.14
2017-09-30, 86, 65, 0.00
2017-10-01, 89, 66, 0.00
2017-10-02, 93, 68, 0.00
2017-10-03, 90, 74, 0.33
2017-10-04, 88, 75, 0.01
2017-10-05, 89, 69, 0.00
2017-10-06, 90, 70, 0.00
2017-10-07, 89, 65, 0.00
2017-10-08, 91, 58, 0.00
2017-10-09, 96, 66, T
2017-10-10, 72, 55, 0.08
2017-10-11, 76, 50, 0.00
2017-10-12, 88, 59, 0.00
2017-10-13, 93, 67, 0.00
2017-10-14, 93, 72, 0.00
2017-10-15, 80, 56, 0.13
2017-10-16, 74, 49, 0.00
2017-10-17, 77, 50, 0.00
2017-10-18, 84, 49, 0.00
2017-10-19, 83, 59, 0.00
2017-10-20, 84, 62, T
2017-10-21, 90, 63, 0.32
2017-10-22, 76, 52, 1.21
2017-10-23, 84, 49, 0.00
2017-10-24, 74, 55, 0.00
2017-10-25, 82, 45, 0.00
2017-10-26, 86, 51, 0.00
2017-10-27, 68, 39, T
2017-10-28, 61, 34, 0.00
2017-10-29, 80, 36, 0.00
2017-10-30, 77, 45, 0.00
2017-10-31, 60, 48, 0.04
2017-11-01, 81, 53, 0.00
2017-11-02, 94, 64, 0.00
2017-11-03, 72, 54, 0.00
2017-11-04, 90, 57, 0.00
2017-11-05, 94, 70, 0.00
2017-11-06, 75, 57, 0.00
2017-11-07, 64, 51, 0.00
2017-11-08, 51, 46, 0.81
2017-11-09, 57, 46, 0.00
2017-11-10, 65, 43, 0.00
2017-11-11, 71, 57, 0.00
2017-11-12, 72, 61, T
2017-11-13, 69, 54, 0.00
2017-11-14, 80, 62, 0.00
2017-11-15, 75, 65, T
2017-11-16, 74, 62, 0.00
2017-11-17, 85, 69, 0.00
2017-11-18, 75, 48, 0.00
2017-11-19, 63, 38, 0.00
2017-11-20, 67, 41, 0.00
2017-11-21, 71, 48, 0.00
2017-11-22, 56, 41, 0.00
2017-11-23, 69, 35, 0.00
2017-11-24, 79, 45, 0.00
2017-11-25, 76, 47, 0.00
2017-11-26, 73, 45, 0.00
2017-11-27, 76, 50, 0.00
2017-11-28, 79, 55, 0.00
2017-11-29, 66, 50, 0.00
2017-11-30, 69, 44, 0.00
2017-12-01, 74, 46, 0.00
2017-12-02, 79, 56, 0.00
2017-12-03, 80, 56, T
2017-12-04, 84, 57, 0.27
2017-12-05, 58, 47, 0.02
2017-12-06, 56, 46, 0.00
2017-12-07, 51, 32, 0.00
2017-12-08, 50, 22, 0.00
2017-12-09, 61, 30, 0.00
2017-12-10, 74, 33, 0.00
2017-12-11, 79, 37, 0.00
2017-12-12, 58, 41, 0.00
2017-12-13, 77, 34, 0.00
2017-12-14, 62, 42, 0.00
2017-12-15, 57, 36, 0.00
2017-12-16, 63, 38, 0.73
2017-12-17, 53, 45, T
2017-12-18, 54, 49, T
2017-12-19, 61, 53, 2.95
2017-12-20, 62, 50, 0.00
2017-12-21, 78, 47, 0.00
2017-12-22, 66, 37, 0.56
2017-12-23, 52, 35, 0.00
2017-12-24, 47, 34, 0.00
2017-12-25, 48, 27, 0.00
2017-12-26, 46, 38, 0.03
2017-12-27, 41, 34, 0.00
2017-12-28, 43, 37, 0.00
2017-12-29, 49, 40, 0.00
2017-12-30, 49, 35, T
2017-12-31, 35, 23, T
2018-01-01, 30, 17, 0.00
2018-01-02, 28, 21, 0.00
2018-01-03, 50, 19, 0.00
2018-01-04, 51, 27, 0.00
2018-01-05, 64, 31, 0.00
2018-01-06, 66, 34, 0.00
2018-01-07, 62, 53, 0.18
2018-01-08, 61, 41, 0.00
2018-01-09, 54, 37, 0.00
2018-01-10, 60, 47, 0.00
2018-01-11, 62, 31, T
2018-01-12, 45, 24, 0.00
2018-01-13, 48, 27, 0.00
2018-01-14, 57, 28, 0.00
2018-01-15, 59, 30, T
2018-01-16, 32, 19, T
2018-01-17, 37, 13, 0.00
2018-01-18, 48, 18, 0.00
2018-01-19, 58, 37, 0.00
2018-01-20, 73, 53, 0.03
2018-01-21, 77, 59, 0.56
2018-01-22, 62, 45, 0.00
2018-01-23, 61, 34, 0.00
2018-01-24, 64, 32, 0.00
2018-01-25, 69, 35, T
2018-01-26, 66, 51, 0.02
2018-01-27, 67, 46, 0.06
2018-01-28, 67, 37, 0.00
2018-01-29, 57, 38, 0.00
2018-01-30, 66, 33, 0.00
2018-01-31, 77, 45, 0.00
2018-02-01, 65, 44, 0.00
2018-02-02, 55, 34, 0.00
2018-02-03, 60, 40, 0.00
2018-02-04, 67, 36, 0.00
2018-02-05, 47, 25, 0.00
2018-02-06, 44, 33, 0.27
2018-02-07, 50, 31, T
2018-02-08, 62, 30, 0.00
2018-02-09, 73, 42, 0.00
2018-02-10, 61, 32, T
2018-02-11, 44, 27, T
2018-02-12, 48, 27, 0.00
2018-02-13, 48, 41, T
2018-02-14, 79, 45, 0.01
2018-02-15, 82, 65, 0.00
2018-02-16, 71, 47, T
2018-02-17, 67, 43, 0.29
2018-02-18, 67, 47, 0.02
2018-02-19, 79, 67, T
2018-02-20, 74, 39, 2.08
2018-02-21, 39, 34, 1.86
2018-02-22, 42, 34, 0.37
2018-02-23, 51, 40, 0.48
2018-02-24, 65, 47, 1.17
2018-02-25, 69, 41, 0.00
2018-02-26, 70, 43, 0.00
2018-02-27, 66, 49, 0.04
2018-02-28, 71, 62, 4.72
2018-03-01, 64, 47, 0.05
2018-03-02, 72, 43, 0.00
2018-03-03, 75, 50, 0.00
2018-03-04, 72, 63, 0.02
2018-03-05, 73, 51, 0.00
2018-03-06, 69, 41, 0.00
2018-03-07, 62, 38, 0.00
2018-03-08, 72, 43, 0.00
2018-03-09, 78, 52, 0.00
2018-03-10, 85, 63, 0.00
2018-03-11, 70, 50, T
2018-03-12, 64, 41, 0.00
2018-03-13, 65, 46, 0.00
2018-03-14, 71, 37, 0.00
2018-03-15, 79, 49, 0.00
2018-03-16, 87, 62, 0.00
2018-03-17, 81, 54, 0.58
2018-03-18, 81, 60, T
2018-03-19, 75, 52, 0.00
2018-03-20, 68, 46, 0.00
2018-03-21, 75, 46, 0.00
2018-03-22, 81, 50, 0.00
2018-03-23, 78, 62, 0.00
2018-03-24, 89, 65, 0.00
2018-03-25, 78, 63, 0.00
2018-03-26, 88, 70, 0.00
2018-03-27, 72, 58, 1.73
2018-03-28, 67, 54, 0.52
2018-03-29, 74, 53, 0.00
2018-03-30, 72, 48, 0.00
2018-03-31, 80, 51, 0.00
2018-04-01, 73, 44, 0.00
2018-04-02, 61, 42, T
2018-04-03, 85, 51, 0.15
2018-04-04, 64, 43, 0.00
2018-04-05, 76, 46, 0.00
2018-04-06, 87, 49, 0.05
2018-04-07, 49, 34, T
2018-04-08, 56, 35, 0.00
2018-04-09, 70, 43, 0.00
2018-04-10, 72, 46, 0.00
2018-04-11, 81, 49, 0.00
2018-04-12, 82, 62, 0.00
2018-04-13, 88, 64, 0.01
2018-04-14, 64, 44, 0.00
2018-04-15, 65, 38, 0.00
2018-04-16, 82, 40, 0.00
2018-04-17, 87, 58, 0.00
2018-04-18, 79, 54, 0.00
2018-04-19, 70, 49, 0.00
2018-04-20, 70, 48, 0.00
2018-04-21, 65, 52, 0.45
2018-04-22, 69, 51, 0.00
2018-04-23, 76, 51, 0.00
2018-04-24, 84, 53, 0.00
2018-04-25, 71, 50, 0.11
2018-04-26, 73, 47, T
2018-04-27, 80, 56, 0.00
2018-04-28, 85, 50, 0.00
2018-04-29, 85, 58, 0.00
2018-04-30, 82, 59, 0.00
2018-05-01, 80, 68, 0.00
2018-05-02, 87, 71, 0.01
2018-05-03, 78, 66, 0.64
2018-05-04, 73, 62, 0.73
2018-05-05, 82, 58, 0.00
2018-05-06, 88, 58, 0.00
2018-05-07, 92, 62, 0.00
2018-05-08, 90, 67, 0.00
2018-05-09, 88, 67, 0.00
2018-05-10, 87, 65, 0.00
2018-05-11, 89, 70, 0.00
2018-05-12, 90, 73, 0.00
2018-05-13, 90, 72, 0.00
2018-05-14, 89, 73, 0.00
2018-05-15, 88, 72, T
2018-05-16, 91, 69, 0.00
2018-05-17, 93, 67, 0.00
2018-05-18, 95, 71, T
2018-05-19, 92, 72, 0.00
2018-05-20, 80, 66, 0.48
2018-05-21, 89, 66, 0.00
2018-05-22, 89, 68, 0.00
2018-05-23, 91, 70, 0.00
2018-05-24, 90, 69, 0.00
2018-05-25, 91, 74, 0.01
2018-05-26, 97, 68, 0.00
2018-05-27, 96, 75, 0.00
2018-05-28, 94, 73, 0.00
2018-05-29, 95, 73, 0.00
2018-05-30, 94, 76, 0.00
2018-05-31, 96, 75, 0.00
2018-06-01, 96, 76, 0.00
2018-06-02, 98, 78, 0.00
2018-06-03, 92, 74, 0.00
2018-06-04, 84, 67, 0.20
2018-06-05, 94, 71, T
2018-06-06, 96, 72, 0.30
2018-06-07, 95, 72, 0.63
2018-06-08, 94, 71, 0.00
2018-06-09, 94, 76, 0.00
2018-06-10, 96, 75, 0.00
2018-06-11, 95, 78, 0.00
2018-06-12, 95, 78, 0.00
2018-06-13, 97, 78, 0.00
2018-06-14, 97, 78, 0.00
2018-06-15, 97, 77, 0.00
2018-06-16, 95, 77, 0.00
2018-06-17, 94, 76, 0.00
2018-06-18, 92, 77, T
2018-06-19, 85, 73, 0.05
2018-06-20, 92, 74, 0.03
2018-06-21, 98, 74, 0.00
2018-06-22, 101, 80, 0.00
2018-06-23, 97, 76, 0.02
2018-06-24, 99, 81, T
2018-06-25, 94, 73, 0.04
2018-06-26, 99, 79, 0.00
2018-06-27, 100, 79, 0.00
2018-06-28, 100, 79, 0.00
2018-06-29, 99, 78, 0.00
2018-06-30, 100, 78, 0.00
2018-07-01, 102, 77, 0.00
2018-07-02, 101, 78, 0.00
2018-07-03, 103, 79, 0.00
2018-07-04, 93, 76, 0.00
2018-07-05, 97, 73, 0.00
2018-07-06, 97, 78, T
2018-07-07, 96, 74, 0.00
2018-07-08, 96, 76, 0.00
2018-07-09, 91, 75, T
2018-07-10, 96, 73, 0.03
2018-07-11, 98, 74, 0.00
2018-07-12, 98, 72, 0.16
2018-07-13, 97, 72, 0.00
2018-07-14, 100, 79, 0.00
2018-07-15, 100, 79, 0.00
2018-07-16, 101, 80, 0.00
2018-07-17, 104, 80, 0.00
2018-07-18, 106, 82, 0.00
2018-07-19, 108, 83, 0.00
2018-07-20, 108, 81, 0.00
2018-07-21, 109, 81, 0.00
2018-07-22, 109, 79, 0.00
2018-07-23, 104, 82, 0.00
2018-07-24, 98, 77, 0.00
2018-07-25, 100, 77, 0.00
2018-07-26, 103, 78, 0.00
2018-07-27, 99, 86, 0.00
2018-07-28, 101, 81, T
2018-07-29, 101, 80, T
2018-07-30, 90, 72, 0.05
2018-07-31, 93, 72, 0.01
2018-08-01, 94, 68, 0.00
2018-08-02, 96, 72, 0.00
2018-08-03, 97, 73, 0.00
2018-08-04, 98, 72, 0.00
2018-08-05, 99, 77, 0.00
2018-08-06, 97, 79, 0.00
2018-08-07, 100, 79, 0.00
2018-08-08, 93, 79, 0.00
2018-08-09, 97, 74, 0.24
2018-08-10, 84, 73, 0.21
2018-08-11, 78, 70, 2.04
2018-08-12, 87, 72, 0.01
2018-08-13, 88, 73, 0.32
2018-08-14, 90, 74, 0.08
2018-08-15, 97, 77, 0.00
2018-08-16, 98, 79, 0.00
2018-08-17, 99, 80, 0.00
2018-08-18, 101, 75, 0.09
2018-08-19, 96, 76, T
2018-08-20, 95, 77, T
2018-08-21, 92, 73, 0.00
2018-08-22, 95, 72, 0.00
2018-08-23, 98, 73, 0.00
2018-08-24, 98, 79, 0.00
2018-08-25, 97, 79, 0.00
2018-08-26, 95, 78, 0.00
2018-08-27, 97, 79, 0.00
2018-08-28, 98, 79, 0.00
2018-08-29, 98, 78, 0.00
2018-08-30, 95, 74, 0.00
2018-08-31, 97, 77, 0.00
2018-09-01, 95, 78, 0.00
2018-09-02, 94, 76, 0.00
2018-09-03, 81, 74, 0.24
2018-09-04, 91, 75, T
2018-09-05, 91, 78, 0.00
2018-09-06, 93, 74, 0.82
2018-09-07, 92, 74, 0.51
2018-09-08, 76, 72, 0.96
2018-09-09, 75, 68, T
2018-09-10, 78, 69, 0.03
2018-09-11, 79, 68, 0.04
2018-09-12, 86, 71, 0.10
2018-09-13, 89, 70, 0.00
2018-09-14, 86, 71, 0.45
2018-09-15, 91, 72, T
2018-09-16, 92, 74, T
2018-09-17, 93, 75, 0.00
2018-09-18, 94, 74, 0.00
2018-09-19, 94, 75, 0.00
2018-09-20, 90, 74, 0.18
2018-09-21, 86, 72, 5.85
2018-09-22, 76, 67, 2.31
2018-09-23, 72, 66, 0.01
2018-09-24, 81, 70, T
2018-09-25, 91, 69, 0.00
2018-09-26, 76, 59, 0.88
2018-09-27, 79, 60, 0.00
2018-09-28, 77, 60, 0.00
2018-09-29, 79, 67, 0.31
2018-09-30, 85, 70, 0.00
2018-10-01, 86, 70, 0.00
2018-10-02, 86, 70, 0.00
2018-10-03, 91, 73, 0.00
2018-10-04, 89, 73, 0.00
2018-10-05, 90, 74, 0.00
2018-10-06, 89, 72, 0.28
2018-10-07, 89, 71, 0.13
2018-10-08, 82, 70, 0.58
2018-10-09, 75, 62, 2.27
2018-10-10, 72, 58, 0.00
2018-10-11, 73, 52, 0.00
2018-10-12, 67, 60, 0.57
2018-10-13, 66, 60, 2.20
2018-10-14, 80, 49, 0.06
2018-10-15, 49, 41, 2.93
2018-10-16, 52, 44, 1.60
2018-10-17, 56, 48, 0.58
2018-10-18, 67, 54, T
2018-10-19, 61, 56, 1.10
2018-10-20, 73, 54, 0.00
2018-10-21, 70, 49, 0.00
2018-10-22, 65, 47, T
2018-10-23, 72, 55, T
2018-10-24, 58, 53, 2.21
2018-10-25, 63, 54, 0.01
2018-10-26, 73, 51, 0.00
2018-10-27, 83, 51, 0.00
2018-10-28, 87, 58, 0.00
2018-10-29, 83, 58, 0.00
2018-10-30, 82, 67, T
2018-10-31, 69, 52, 1.14
2018-11-01, 63, 48, 0.00
2018-11-02, 73, 46, 0.00
2018-11-03, 75, 48, 0.32
2018-11-04, 65, 49, 0.00
2018-11-05, 81, 51, 0.00
2018-11-06, 73, 54, 0.00
2018-11-07, 69, 56, T
2018-11-08, 57, 50, 0.29
2018-11-09, 54, 41, T
2018-11-10, 52, 32, 0.00
2018-11-11, 52, 45, 0.09
2018-11-12, 46, 33, 0.15
2018-11-13, 41, 29, 0.00
2018-11-14, 48, 25, 0.00
2018-11-15, 66, 29, 0.00
2018-11-16, 72, 37, 0.00
2018-11-17, 70, 44, 0.00
2018-11-18, 60, 37, 0.00
2018-11-19, 54, 36, 0.00
2018-11-20, 58, 36, 0.00
2018-11-21, 60, 34, 0.00
2018-11-22, 64, 38, 0.00
2018-11-23, 75, 51, 0.00
2018-11-24, 74, 43, 0.00
2018-11-25, 61, 39, 0.00
2018-11-26, 51, 32, 0.00
2018-11-27, 66, 31, 0.00
2018-11-28, 71, 42, 0.00
2018-11-29, 78, 51, 0.00
2018-11-30, 73, 63, 0.01
2018-12-01, 72, 54, 0.00
2018-12-02, 58, 45, 0.00
2018-12-03, 53, 38, 0.00
2018-12-04, 47, 30, 0.00
2018-12-05, 54, 29, 0.00
2018-12-06, 53, 46, 0.20
2018-12-07, 46, 42, 0.64
2018-12-08, 42, 37, 0.44
2018-12-09, 50, 37, 0.00
2018-12-10, 58, 30, 0.00
2018-12-11, 60, 33, 0.00
2018-12-12, 63, 47, 0.00
2018-12-13, 66, 44, 0.09
2018-12-14, 50, 42, T
2018-12-15, 61, 37, 0.00
2018-12-16, 66, 36, 0.00
2018-12-17, 55, 41, 0.00
2018-12-18, 63, 35, 0.00
2018-12-19, 59, 50, 0.03
2018-12-20, 59, 46, 0.00
2018-12-21, 58, 39, 0.00
2018-12-22, 66, 41, 0.00
2018-12-23, 55, 41, 0.00
2018-12-24, 61, 35, 0.00
2018-12-25, 64, 55, T
2018-12-26, 66, 54, 2.45
2018-12-27, 62, 40, 0.24
2018-12-28, 46, 33, 0.00
2018-12-29, 40, 35, 0.00
2018-12-30, 41, 35, 0.01
2018-12-31, 61, 38, 0.45